ISO-10303-21;
HEADER;
/* Generated by software containing ST-Developer
 * from STEP Tools, Inc. (www.steptools.com) 
 */

FILE_DESCRIPTION(
/* description */ (''),
/* implementation_level */ '2;1');

FILE_NAME(
/* name */ 'bottom_case.step',
/* time_stamp */ '2026-05-11T15:04:49-04:00',
/* author */ (''),
/* organization */ (''),
/* preprocessor_version */ 'ST-DEVELOPER v20.1',
/* originating_system */ 'Autodesk Translation Framework v15.8.0.0',
/* authorisation */ '');

FILE_SCHEMA (('AUTOMOTIVE_DESIGN { 1 0 10303 214 3 1 1 }'));
ENDSEC;

DATA;
#10=MECHANICAL_DESIGN_GEOMETRIC_PRESENTATION_REPRESENTATION('',(#13),#5493);
#11=SHAPE_REPRESENTATION_RELATIONSHIP('SRR','None',#5499,#12);
#12=ADVANCED_BREP_SHAPE_REPRESENTATION('',(#14),#5492);
#13=STYLED_ITEM('',(#5509),#14);
#14=MANIFOLD_SOLID_BREP('case',#3174);
#15=TOROIDAL_SURFACE('',#3397,0.14,0.05);
#16=TOROIDAL_SURFACE('',#3406,0.0599999999999999,0.03);
#17=FACE_BOUND('',#394,.T.);
#18=FACE_BOUND('',#395,.T.);
#19=FACE_BOUND('',#396,.T.);
#20=FACE_BOUND('',#397,.T.);
#21=FACE_BOUND('',#398,.T.);
#22=FACE_BOUND('',#399,.T.);
#23=FACE_BOUND('',#400,.T.);
#24=FACE_BOUND('',#401,.T.);
#25=FACE_BOUND('',#402,.T.);
#26=FACE_BOUND('',#403,.T.);
#27=FACE_BOUND('',#404,.T.);
#28=FACE_BOUND('',#419,.T.);
#29=FACE_BOUND('',#433,.T.);
#30=FACE_BOUND('',#491,.T.);
#31=FACE_BOUND('',#492,.T.);
#32=FACE_BOUND('',#493,.T.);
#33=FACE_BOUND('',#494,.T.);
#34=FACE_BOUND('',#495,.T.);
#35=FACE_BOUND('',#496,.T.);
#36=FACE_BOUND('',#497,.T.);
#37=FACE_BOUND('',#498,.T.);
#38=FACE_BOUND('',#499,.T.);
#39=FACE_BOUND('',#500,.T.);
#40=FACE_BOUND('',#501,.T.);
#41=FACE_BOUND('',#502,.T.);
#42=FACE_BOUND('',#516,.T.);
#43=FACE_BOUND('',#530,.T.);
#44=ELLIPSE('',#3235,0.282842712474619,0.2);
#45=B_SPLINE_SURFACE_WITH_KNOTS('',3,1,((#4460,#4461),(#4462,#4463),(#4464,
#4465),(#4466,#4467),(#4468,#4469),(#4470,#4471),(#4472,#4473),(#4474,#4475),
(#4476,#4477),(#4478,#4479),(#4480,#4481),(#4482,#4483),(#4484,#4485)),
 .UNSPECIFIED.,.F.,.F.,.F.,(4,3,3,3,4),(2,2),(0.0452755256917631,0.104969269220802,
0.153642168815833,0.180590537915878,0.187560965182909),(0.,0.2),
 .UNSPECIFIED.);
#46=B_SPLINE_SURFACE_WITH_KNOTS('',3,1,((#4533,#4534),(#4535,#4536),(#4537,
#4538),(#4539,#4540),(#4541,#4542),(#4543,#4544),(#4545,#4546),(#4547,#4548),
(#4549,#4550),(#4551,#4552),(#4553,#4554),(#4555,#4556),(#4557,#4558)),
 .UNSPECIFIED.,.F.,.F.,.F.,(4,3,3,3,4),(2,2),(0.0176424417024223,0.0260133368541825,
0.104969269218081,0.15364216881454,0.161072369233439),(0.,0.2),
 .UNSPECIFIED.);
#47=B_SPLINE_SURFACE_WITH_KNOTS('',3,3,((#4602,#4603,#4604,#4605),(#4606,
#4607,#4608,#4609),(#4610,#4611,#4612,#4613),(#4614,#4615,#4616,#4617),
(#4618,#4619,#4620,#4621),(#4622,#4623,#4624,#4625),(#4626,#4627,#4628,
#4629),(#4630,#4631,#4632,#4633),(#4634,#4635,#4636,#4637),(#4638,#4639,
#4640,#4641),(#4642,#4643,#4644,#4645)),.UNSPECIFIED.,.F.,.F.,.F.,(4,1,
1,1,1,1,1,1,4),(4,4),(0.,0.142857142857143,0.285714285714286,0.428571428571429,
0.571428571428571,0.714285714285714,0.857142857142857,0.892857142857143,
1.),(0.288190240699354,0.675000015087426),.UNSPECIFIED.);
#48=B_SPLINE_SURFACE_WITH_KNOTS('',3,3,((#4703,#4704,#4705,#4706),(#4707,
#4708,#4709,#4710),(#4711,#4712,#4713,#4714),(#4715,#4716,#4717,#4718),
(#4719,#4720,#4721,#4722),(#4723,#4724,#4725,#4726),(#4727,#4728,#4729,
#4730),(#4731,#4732,#4733,#4734),(#4735,#4736,#4737,#4738),(#4739,#4740,
#4741,#4742),(#4743,#4744,#4745,#4746)),.UNSPECIFIED.,.F.,.F.,.F.,(4,1,
1,1,1,1,1,1,4),(4,4),(0.,0.142857142857143,0.285714285714286,0.428571428571429,
0.571428571428571,0.714285714285714,0.857142857142857,0.892857142857143,
1.),(-0.768404887194036,-0.381595112805964),.UNSPECIFIED.);
#49=CYLINDRICAL_SURFACE('',#3184,0.875);
#50=CYLINDRICAL_SURFACE('',#3195,0.4);
#51=CYLINDRICAL_SURFACE('',#3204,0.125);
#52=CYLINDRICAL_SURFACE('',#3209,0.125);
#53=CYLINDRICAL_SURFACE('',#3234,0.2);
#54=CYLINDRICAL_SURFACE('',#3263,0.2);
#55=CYLINDRICAL_SURFACE('',#3284,0.3);
#56=CYLINDRICAL_SURFACE('',#3288,0.3);
#57=CYLINDRICAL_SURFACE('',#3306,0.100000000000001);
#58=CYLINDRICAL_SURFACE('',#3309,0.0999999999999996);
#59=CYLINDRICAL_SURFACE('',#3314,0.100000000000001);
#60=CYLINDRICAL_SURFACE('',#3317,0.0999999999999996);
#61=CYLINDRICAL_SURFACE('',#3320,0.100000000000001);
#62=CYLINDRICAL_SURFACE('',#3323,0.0999999999999996);
#63=CYLINDRICAL_SURFACE('',#3326,0.100000000000001);
#64=CYLINDRICAL_SURFACE('',#3329,0.0999999999999996);
#65=CYLINDRICAL_SURFACE('',#3332,0.100000000000001);
#66=CYLINDRICAL_SURFACE('',#3335,0.0999999999999996);
#67=CYLINDRICAL_SURFACE('',#3338,0.100000000000001);
#68=CYLINDRICAL_SURFACE('',#3341,0.0999999999999996);
#69=CYLINDRICAL_SURFACE('',#3344,0.100000000000001);
#70=CYLINDRICAL_SURFACE('',#3347,0.0999999999999996);
#71=CYLINDRICAL_SURFACE('',#3350,0.100000000000001);
#72=CYLINDRICAL_SURFACE('',#3353,0.0999999999999996);
#73=CYLINDRICAL_SURFACE('',#3356,0.100000000000001);
#74=CYLINDRICAL_SURFACE('',#3359,0.0999999999999996);
#75=CYLINDRICAL_SURFACE('',#3362,0.100000000000001);
#76=CYLINDRICAL_SURFACE('',#3365,0.0999999999999996);
#77=CYLINDRICAL_SURFACE('',#3368,0.100000000000001);
#78=CYLINDRICAL_SURFACE('',#3371,0.0999999999999996);
#79=CYLINDRICAL_SURFACE('',#3374,0.100000000000001);
#80=CYLINDRICAL_SURFACE('',#3377,0.0999999999999996);
#81=CYLINDRICAL_SURFACE('',#3388,0.4);
#82=CYLINDRICAL_SURFACE('',#3391,0.3);
#83=CYLINDRICAL_SURFACE('',#3392,0.3);
#84=CYLINDRICAL_SURFACE('',#3393,0.3);
#85=CYLINDRICAL_SURFACE('',#3395,0.3);
#86=CYLINDRICAL_SURFACE('',#3402,0.0899999999999999);
#87=CYLINDRICAL_SURFACE('',#3411,0.0999999999999996);
#88=CIRCLE('',#3178,1.025);
#89=CIRCLE('',#3179,0.875);
#90=CIRCLE('',#3180,1.025);
#91=CIRCLE('',#3185,0.875);
#92=CIRCLE('',#3186,0.875);
#93=CIRCLE('',#3187,0.875);
#94=CIRCLE('',#3189,1.025);
#95=CIRCLE('',#3190,1.025);
#96=CIRCLE('',#3193,0.244);
#97=CIRCLE('',#3194,0.4);
#98=CIRCLE('',#3196,0.4);
#99=CIRCLE('',#3197,0.4);
#100=CIRCLE('',#3198,0.4);
#101=CIRCLE('',#3199,0.4);
#102=CIRCLE('',#3202,0.125);
#103=CIRCLE('',#3203,0.125);
#104=CIRCLE('',#3205,0.125);
#105=CIRCLE('',#3208,0.125);
#106=CIRCLE('',#3233,0.2);
#107=CIRCLE('',#3236,0.2);
#108=CIRCLE('',#3238,0.100000000000001);
#109=CIRCLE('',#3239,0.0999999999999996);
#110=CIRCLE('',#3240,0.0999999999999996);
#111=CIRCLE('',#3241,0.0999999999999996);
#112=CIRCLE('',#3242,0.100000000000001);
#113=CIRCLE('',#3243,0.0999999999999996);
#114=CIRCLE('',#3244,0.100000000000001);
#115=CIRCLE('',#3245,0.0999999999999996);
#116=CIRCLE('',#3246,0.100000000000001);
#117=CIRCLE('',#3247,0.0999999999999996);
#118=CIRCLE('',#3248,0.100000000000001);
#119=CIRCLE('',#3249,0.0999999999999996);
#120=CIRCLE('',#3250,0.100000000000001);
#121=CIRCLE('',#3251,0.0999999999999996);
#122=CIRCLE('',#3252,0.100000000000001);
#123=CIRCLE('',#3253,0.0999999999999996);
#124=CIRCLE('',#3254,0.100000000000001);
#125=CIRCLE('',#3255,0.0999999999999996);
#126=CIRCLE('',#3256,0.100000000000001);
#127=CIRCLE('',#3257,0.0999999999999996);
#128=CIRCLE('',#3258,0.100000000000001);
#129=CIRCLE('',#3259,0.0999999999999996);
#130=CIRCLE('',#3260,0.100000000000001);
#131=CIRCLE('',#3261,0.0999999999999996);
#132=CIRCLE('',#3262,0.100000000000001);
#133=CIRCLE('',#3264,0.2);
#134=CIRCLE('',#3285,0.3);
#135=CIRCLE('',#3286,0.3);
#136=CIRCLE('',#3289,0.3);
#137=CIRCLE('',#3290,0.3);
#138=CIRCLE('',#3295,0.3);
#139=CIRCLE('',#3296,0.3);
#140=CIRCLE('',#3297,0.3);
#141=CIRCLE('',#3298,0.3);
#142=CIRCLE('',#3307,0.100000000000001);
#143=CIRCLE('',#3310,0.0999999999999996);
#144=CIRCLE('',#3311,0.0999999999999996);
#145=CIRCLE('',#3315,0.100000000000001);
#146=CIRCLE('',#3318,0.0999999999999996);
#147=CIRCLE('',#3321,0.100000000000001);
#148=CIRCLE('',#3324,0.0999999999999996);
#149=CIRCLE('',#3327,0.100000000000001);
#150=CIRCLE('',#3330,0.0999999999999996);
#151=CIRCLE('',#3333,0.100000000000001);
#152=CIRCLE('',#3336,0.0999999999999996);
#153=CIRCLE('',#3339,0.100000000000001);
#154=CIRCLE('',#3342,0.0999999999999996);
#155=CIRCLE('',#3345,0.100000000000001);
#156=CIRCLE('',#3348,0.0999999999999996);
#157=CIRCLE('',#3351,0.100000000000001);
#158=CIRCLE('',#3354,0.0999999999999996);
#159=CIRCLE('',#3357,0.100000000000001);
#160=CIRCLE('',#3360,0.0999999999999996);
#161=CIRCLE('',#3363,0.100000000000001);
#162=CIRCLE('',#3366,0.0999999999999996);
#163=CIRCLE('',#3369,0.100000000000001);
#164=CIRCLE('',#3372,0.0999999999999996);
#165=CIRCLE('',#3375,0.100000000000001);
#166=CIRCLE('',#3378,0.0999999999999996);
#167=CIRCLE('',#3380,0.4);
#168=CIRCLE('',#3382,0.3);
#169=CIRCLE('',#3383,0.3);
#170=CIRCLE('',#3384,0.3);
#171=CIRCLE('',#3385,0.3);
#172=CIRCLE('',#3389,0.4);
#173=CIRCLE('',#3398,0.0899999999999999);
#174=CIRCLE('',#3399,0.05);
#175=CIRCLE('',#3400,0.14);
#176=CIRCLE('',#3401,0.0899999999999999);
#177=CIRCLE('',#3403,0.0899999999999999);
#178=CIRCLE('',#3405,0.0999999999999996);
#179=CIRCLE('',#3407,0.0599999999999999);
#180=CIRCLE('',#3408,0.03);
#181=(
BOUNDED_CURVE()
B_SPLINE_CURVE(2,(#4281,#4282,#4283),.UNSPECIFIED.,.F.,.F.)
B_SPLINE_CURVE_WITH_KNOTS((3,3),(0.476598972980986,1.58252705521641),
 .UNSPECIFIED.)
CURVE()
GEOMETRIC_REPRESENTATION_ITEM()
RATIONAL_B_SPLINE_CURVE((1.15384615384615,1.27858627858628,1.15384615384615))
REPRESENTATION_ITEM('')
);
#182=(
BOUNDED_CURVE()
B_SPLINE_CURVE(2,(#4287,#4288,#4289),.UNSPECIFIED.,.F.,.F.)
B_SPLINE_CURVE_WITH_KNOTS((3,3),(0.558687645493051,1.1173752909861),
 .UNSPECIFIED.)
CURVE()
GEOMETRIC_REPRESENTATION_ITEM()
RATIONAL_B_SPLINE_CURVE((1.,1.04197614450347,1.))
REPRESENTATION_ITEM('')
);
#183=(
BOUNDED_CURVE()
B_SPLINE_CURVE(2,(#4319,#4320,#4321),.UNSPECIFIED.,.F.,.F.)
B_SPLINE_CURVE_WITH_KNOTS((3,3),(0.476598972980986,1.58252705521642),
 .UNSPECIFIED.)
CURVE()
GEOMETRIC_REPRESENTATION_ITEM()
RATIONAL_B_SPLINE_CURVE((1.15384615384615,1.27858627858628,1.15384615384615))
REPRESENTATION_ITEM('')
);
#184=(
BOUNDED_CURVE()
B_SPLINE_CURVE(2,(#4324,#4325,#4326),.UNSPECIFIED.,.F.,.F.)
B_SPLINE_CURVE_WITH_KNOTS((3,3),(0.,0.237118311335251),.UNSPECIFIED.)
CURVE()
GEOMETRIC_REPRESENTATION_ITEM()
RATIONAL_B_SPLINE_CURVE((1.,1.05455253916342,1.09126300916265))
REPRESENTATION_ITEM('')
);
#185=(
BOUNDED_CURVE()
B_SPLINE_CURVE(2,(#4328,#4329,#4330),.UNSPECIFIED.,.F.,.F.)
B_SPLINE_CURVE_WITH_KNOTS((3,3),(0.413589510244035,1.09201648339208),
 .UNSPECIFIED.)
CURVE()
GEOMETRIC_REPRESENTATION_ITEM()
RATIONAL_B_SPLINE_CURVE((1.15789473684209,1.25714285714286,1.25714285714286))
REPRESENTATION_ITEM('')
);
#186=(
BOUNDED_CURVE()
B_SPLINE_CURVE(2,(#4367,#4368,#4369),.UNSPECIFIED.,.F.,.F.)
B_SPLINE_CURVE_WITH_KNOTS((3,3),(0.0694803206531171,0.115146750152013),
 .UNSPECIFIED.)
CURVE()
GEOMETRIC_REPRESENTATION_ITEM()
RATIONAL_B_SPLINE_CURVE((1.66737967914438,1.87844718139254,2.07866666666619))
REPRESENTATION_ITEM('')
);
#187=CONICAL_SURFACE('',#3177,0.95,0.785398163397447);
#188=CONICAL_SURFACE('',#3188,0.95,0.785398163397447);
#189=CONICAL_SURFACE('',#3192,0.322,0.785398163397447);
#190=FACE_OUTER_BOUND('',#349,.T.);
#191=FACE_OUTER_BOUND('',#350,.T.);
#192=FACE_OUTER_BOUND('',#351,.T.);
#193=FACE_OUTER_BOUND('',#352,.T.);
#194=FACE_OUTER_BOUND('',#353,.T.);
#195=FACE_OUTER_BOUND('',#354,.T.);
#196=FACE_OUTER_BOUND('',#355,.T.);
#197=FACE_OUTER_BOUND('',#356,.T.);
#198=FACE_OUTER_BOUND('',#357,.T.);
#199=FACE_OUTER_BOUND('',#358,.T.);
#200=FACE_OUTER_BOUND('',#359,.T.);
#201=FACE_OUTER_BOUND('',#360,.T.);
#202=FACE_OUTER_BOUND('',#361,.T.);
#203=FACE_OUTER_BOUND('',#362,.T.);
#204=FACE_OUTER_BOUND('',#363,.T.);
#205=FACE_OUTER_BOUND('',#364,.T.);
#206=FACE_OUTER_BOUND('',#365,.T.);
#207=FACE_OUTER_BOUND('',#366,.T.);
#208=FACE_OUTER_BOUND('',#367,.T.);
#209=FACE_OUTER_BOUND('',#368,.T.);
#210=FACE_OUTER_BOUND('',#369,.T.);
#211=FACE_OUTER_BOUND('',#370,.T.);
#212=FACE_OUTER_BOUND('',#371,.T.);
#213=FACE_OUTER_BOUND('',#372,.T.);
#214=FACE_OUTER_BOUND('',#373,.T.);
#215=FACE_OUTER_BOUND('',#374,.T.);
#216=FACE_OUTER_BOUND('',#375,.T.);
#217=FACE_OUTER_BOUND('',#376,.T.);
#218=FACE_OUTER_BOUND('',#377,.T.);
#219=FACE_OUTER_BOUND('',#378,.T.);
#220=FACE_OUTER_BOUND('',#379,.T.);
#221=FACE_OUTER_BOUND('',#380,.T.);
#222=FACE_OUTER_BOUND('',#381,.T.);
#223=FACE_OUTER_BOUND('',#382,.T.);
#224=FACE_OUTER_BOUND('',#383,.T.);
#225=FACE_OUTER_BOUND('',#384,.T.);
#226=FACE_OUTER_BOUND('',#385,.T.);
#227=FACE_OUTER_BOUND('',#386,.T.);
#228=FACE_OUTER_BOUND('',#387,.T.);
#229=FACE_OUTER_BOUND('',#388,.T.);
#230=FACE_OUTER_BOUND('',#389,.T.);
#231=FACE_OUTER_BOUND('',#390,.T.);
#232=FACE_OUTER_BOUND('',#391,.T.);
#233=FACE_OUTER_BOUND('',#392,.T.);
#234=FACE_OUTER_BOUND('',#393,.T.);
#235=FACE_OUTER_BOUND('',#405,.T.);
#236=FACE_OUTER_BOUND('',#406,.T.);
#237=FACE_OUTER_BOUND('',#407,.T.);
#238=FACE_OUTER_BOUND('',#408,.T.);
#239=FACE_OUTER_BOUND('',#409,.T.);
#240=FACE_OUTER_BOUND('',#410,.T.);
#241=FACE_OUTER_BOUND('',#411,.T.);
#242=FACE_OUTER_BOUND('',#412,.T.);
#243=FACE_OUTER_BOUND('',#413,.T.);
#244=FACE_OUTER_BOUND('',#414,.T.);
#245=FACE_OUTER_BOUND('',#415,.T.);
#246=FACE_OUTER_BOUND('',#416,.T.);
#247=FACE_OUTER_BOUND('',#417,.T.);
#248=FACE_OUTER_BOUND('',#418,.T.);
#249=FACE_OUTER_BOUND('',#420,.T.);
#250=FACE_OUTER_BOUND('',#421,.T.);
#251=FACE_OUTER_BOUND('',#422,.T.);
#252=FACE_OUTER_BOUND('',#423,.T.);
#253=FACE_OUTER_BOUND('',#424,.T.);
#254=FACE_OUTER_BOUND('',#425,.T.);
#255=FACE_OUTER_BOUND('',#426,.T.);
#256=FACE_OUTER_BOUND('',#427,.T.);
#257=FACE_OUTER_BOUND('',#428,.T.);
#258=FACE_OUTER_BOUND('',#429,.T.);
#259=FACE_OUTER_BOUND('',#430,.T.);
#260=FACE_OUTER_BOUND('',#431,.T.);
#261=FACE_OUTER_BOUND('',#432,.T.);
#262=FACE_OUTER_BOUND('',#434,.T.);
#263=FACE_OUTER_BOUND('',#435,.T.);
#264=FACE_OUTER_BOUND('',#436,.T.);
#265=FACE_OUTER_BOUND('',#437,.T.);
#266=FACE_OUTER_BOUND('',#438,.T.);
#267=FACE_OUTER_BOUND('',#439,.T.);
#268=FACE_OUTER_BOUND('',#440,.T.);
#269=FACE_OUTER_BOUND('',#441,.T.);
#270=FACE_OUTER_BOUND('',#442,.T.);
#271=FACE_OUTER_BOUND('',#443,.T.);
#272=FACE_OUTER_BOUND('',#444,.T.);
#273=FACE_OUTER_BOUND('',#445,.T.);
#274=FACE_OUTER_BOUND('',#446,.T.);
#275=FACE_OUTER_BOUND('',#447,.T.);
#276=FACE_OUTER_BOUND('',#448,.T.);
#277=FACE_OUTER_BOUND('',#449,.T.);
#278=FACE_OUTER_BOUND('',#450,.T.);
#279=FACE_OUTER_BOUND('',#451,.T.);
#280=FACE_OUTER_BOUND('',#452,.T.);
#281=FACE_OUTER_BOUND('',#453,.T.);
#282=FACE_OUTER_BOUND('',#454,.T.);
#283=FACE_OUTER_BOUND('',#455,.T.);
#284=FACE_OUTER_BOUND('',#456,.T.);
#285=FACE_OUTER_BOUND('',#457,.T.);
#286=FACE_OUTER_BOUND('',#458,.T.);
#287=FACE_OUTER_BOUND('',#459,.T.);
#288=FACE_OUTER_BOUND('',#460,.T.);
#289=FACE_OUTER_BOUND('',#461,.T.);
#290=FACE_OUTER_BOUND('',#462,.T.);
#291=FACE_OUTER_BOUND('',#463,.T.);
#292=FACE_OUTER_BOUND('',#464,.T.);
#293=FACE_OUTER_BOUND('',#465,.T.);
#294=FACE_OUTER_BOUND('',#466,.T.);
#295=FACE_OUTER_BOUND('',#467,.T.);
#296=FACE_OUTER_BOUND('',#468,.T.);
#297=FACE_OUTER_BOUND('',#469,.T.);
#298=FACE_OUTER_BOUND('',#470,.T.);
#299=FACE_OUTER_BOUND('',#471,.T.);
#300=FACE_OUTER_BOUND('',#472,.T.);
#301=FACE_OUTER_BOUND('',#473,.T.);
#302=FACE_OUTER_BOUND('',#474,.T.);
#303=FACE_OUTER_BOUND('',#475,.T.);
#304=FACE_OUTER_BOUND('',#476,.T.);
#305=FACE_OUTER_BOUND('',#477,.T.);
#306=FACE_OUTER_BOUND('',#478,.T.);
#307=FACE_OUTER_BOUND('',#479,.T.);
#308=FACE_OUTER_BOUND('',#480,.T.);
#309=FACE_OUTER_BOUND('',#481,.T.);
#310=FACE_OUTER_BOUND('',#482,.T.);
#311=FACE_OUTER_BOUND('',#483,.T.);
#312=FACE_OUTER_BOUND('',#484,.T.);
#313=FACE_OUTER_BOUND('',#485,.T.);
#314=FACE_OUTER_BOUND('',#486,.T.);
#315=FACE_OUTER_BOUND('',#487,.T.);
#316=FACE_OUTER_BOUND('',#488,.T.);
#317=FACE_OUTER_BOUND('',#489,.T.);
#318=FACE_OUTER_BOUND('',#490,.T.);
#319=FACE_OUTER_BOUND('',#503,.T.);
#320=FACE_OUTER_BOUND('',#504,.T.);
#321=FACE_OUTER_BOUND('',#505,.T.);
#322=FACE_OUTER_BOUND('',#506,.T.);
#323=FACE_OUTER_BOUND('',#507,.T.);
#324=FACE_OUTER_BOUND('',#508,.T.);
#325=FACE_OUTER_BOUND('',#509,.T.);
#326=FACE_OUTER_BOUND('',#510,.T.);
#327=FACE_OUTER_BOUND('',#511,.T.);
#328=FACE_OUTER_BOUND('',#512,.T.);
#329=FACE_OUTER_BOUND('',#513,.T.);
#330=FACE_OUTER_BOUND('',#514,.T.);
#331=FACE_OUTER_BOUND('',#515,.T.);
#332=FACE_OUTER_BOUND('',#517,.T.);
#333=FACE_OUTER_BOUND('',#518,.T.);
#334=FACE_OUTER_BOUND('',#519,.T.);
#335=FACE_OUTER_BOUND('',#520,.T.);
#336=FACE_OUTER_BOUND('',#521,.T.);
#337=FACE_OUTER_BOUND('',#522,.T.);
#338=FACE_OUTER_BOUND('',#523,.T.);
#339=FACE_OUTER_BOUND('',#524,.T.);
#340=FACE_OUTER_BOUND('',#525,.T.);
#341=FACE_OUTER_BOUND('',#526,.T.);
#342=FACE_OUTER_BOUND('',#527,.T.);
#343=FACE_OUTER_BOUND('',#528,.T.);
#344=FACE_OUTER_BOUND('',#529,.T.);
#345=FACE_OUTER_BOUND('',#531,.T.);
#346=FACE_OUTER_BOUND('',#532,.T.);
#347=FACE_OUTER_BOUND('',#533,.T.);
#348=FACE_OUTER_BOUND('',#534,.T.);
#349=EDGE_LOOP('',(#1990,#1991,#1992,#1993));
#350=EDGE_LOOP('',(#1994,#1995,#1996,#1997,#1998,#1999));
#351=EDGE_LOOP('',(#2000,#2001,#2002,#2003,#2004));
#352=EDGE_LOOP('',(#2005,#2006,#2007,#2008));
#353=EDGE_LOOP('',(#2009,#2010,#2011));
#354=EDGE_LOOP('',(#2012,#2013,#2014,#2015,#2016,#2017));
#355=EDGE_LOOP('',(#2018,#2019,#2020,#2021,#2022,#2023));
#356=EDGE_LOOP('',(#2024,#2025,#2026));
#357=EDGE_LOOP('',(#2027,#2028,#2029,#2030,#2031));
#358=EDGE_LOOP('',(#2032,#2033,#2034,#2035,#2036,#2037,#2038,#2039,#2040,
#2041,#2042,#2043));
#359=EDGE_LOOP('',(#2044,#2045,#2046,#2047));
#360=EDGE_LOOP('',(#2048,#2049,#2050,#2051,#2052,#2053,#2054,#2055,#2056,
#2057));
#361=EDGE_LOOP('',(#2058,#2059,#2060,#2061));
#362=EDGE_LOOP('',(#2062,#2063,#2064,#2065));
#363=EDGE_LOOP('',(#2066,#2067,#2068,#2069,#2070,#2071,#2072,#2073,#2074,
#2075));
#364=EDGE_LOOP('',(#2076,#2077,#2078,#2079));
#365=EDGE_LOOP('',(#2080,#2081,#2082,#2083));
#366=EDGE_LOOP('',(#2084,#2085,#2086,#2087,#2088));
#367=EDGE_LOOP('',(#2089,#2090,#2091,#2092));
#368=EDGE_LOOP('',(#2093,#2094,#2095,#2096));
#369=EDGE_LOOP('',(#2097,#2098,#2099,#2100));
#370=EDGE_LOOP('',(#2101,#2102,#2103,#2104,#2105));
#371=EDGE_LOOP('',(#2106,#2107,#2108,#2109,#2110,#2111));
#372=EDGE_LOOP('',(#2112,#2113,#2114,#2115,#2116,#2117,#2118,#2119,#2120,
#2121,#2122,#2123));
#373=EDGE_LOOP('',(#2124,#2125,#2126,#2127));
#374=EDGE_LOOP('',(#2128,#2129,#2130,#2131));
#375=EDGE_LOOP('',(#2132,#2133,#2134,#2135));
#376=EDGE_LOOP('',(#2136,#2137,#2138,#2139,#2140,#2141,#2142,#2143));
#377=EDGE_LOOP('',(#2144,#2145,#2146,#2147));
#378=EDGE_LOOP('',(#2148,#2149,#2150,#2151));
#379=EDGE_LOOP('',(#2152,#2153,#2154,#2155));
#380=EDGE_LOOP('',(#2156,#2157,#2158,#2159));
#381=EDGE_LOOP('',(#2160,#2161,#2162,#2163));
#382=EDGE_LOOP('',(#2164,#2165,#2166,#2167));
#383=EDGE_LOOP('',(#2168,#2169,#2170,#2171,#2172,#2173,#2174));
#384=EDGE_LOOP('',(#2175,#2176,#2177,#2178));
#385=EDGE_LOOP('',(#2179,#2180,#2181,#2182));
#386=EDGE_LOOP('',(#2183,#2184,#2185,#2186,#2187,#2188,#2189));
#387=EDGE_LOOP('',(#2190,#2191,#2192,#2193,#2194));
#388=EDGE_LOOP('',(#2195,#2196,#2197,#2198,#2199,#2200,#2201,#2202));
#389=EDGE_LOOP('',(#2203,#2204,#2205,#2206,#2207,#2208));
#390=EDGE_LOOP('',(#2209,#2210,#2211,#2212,#2213,#2214));
#391=EDGE_LOOP('',(#2215,#2216,#2217,#2218,#2219,#2220,#2221));
#392=EDGE_LOOP('',(#2222,#2223,#2224,#2225));
#393=EDGE_LOOP('',(#2226,#2227,#2228,#2229,#2230,#2231,#2232,#2233,#2234,
#2235,#2236,#2237,#2238,#2239,#2240,#2241,#2242,#2243,#2244,#2245,#2246,
#2247,#2248,#2249,#2250,#2251,#2252,#2253,#2254,#2255));
#394=EDGE_LOOP('',(#2256,#2257,#2258,#2259));
#395=EDGE_LOOP('',(#2260,#2261,#2262,#2263));
#396=EDGE_LOOP('',(#2264,#2265,#2266,#2267));
#397=EDGE_LOOP('',(#2268,#2269,#2270,#2271));
#398=EDGE_LOOP('',(#2272,#2273,#2274,#2275));
#399=EDGE_LOOP('',(#2276,#2277,#2278,#2279));
#400=EDGE_LOOP('',(#2280,#2281,#2282,#2283));
#401=EDGE_LOOP('',(#2284,#2285,#2286,#2287));
#402=EDGE_LOOP('',(#2288,#2289,#2290,#2291));
#403=EDGE_LOOP('',(#2292,#2293,#2294,#2295));
#404=EDGE_LOOP('',(#2296,#2297,#2298,#2299));
#405=EDGE_LOOP('',(#2300,#2301,#2302,#2303));
#406=EDGE_LOOP('',(#2304,#2305,#2306,#2307));
#407=EDGE_LOOP('',(#2308,#2309,#2310,#2311,#2312));
#408=EDGE_LOOP('',(#2313,#2314,#2315,#2316,#2317,#2318));
#409=EDGE_LOOP('',(#2319,#2320,#2321,#2322,#2323,#2324,#2325));
#410=EDGE_LOOP('',(#2326,#2327,#2328,#2329));
#411=EDGE_LOOP('',(#2330,#2331,#2332,#2333));
#412=EDGE_LOOP('',(#2334,#2335,#2336,#2337));
#413=EDGE_LOOP('',(#2338,#2339,#2340,#2341));
#414=EDGE_LOOP('',(#2342,#2343,#2344,#2345));
#415=EDGE_LOOP('',(#2346,#2347,#2348,#2349));
#416=EDGE_LOOP('',(#2350,#2351,#2352,#2353,#2354));
#417=EDGE_LOOP('',(#2355,#2356,#2357,#2358,#2359));
#418=EDGE_LOOP('',(#2360,#2361,#2362,#2363));
#419=EDGE_LOOP('',(#2364,#2365,#2366,#2367,#2368,#2369,#2370,#2371,#2372,
#2373,#2374,#2375));
#420=EDGE_LOOP('',(#2376,#2377,#2378,#2379,#2380));
#421=EDGE_LOOP('',(#2381,#2382,#2383,#2384,#2385));
#422=EDGE_LOOP('',(#2386,#2387,#2388,#2389));
#423=EDGE_LOOP('',(#2390,#2391,#2392,#2393));
#424=EDGE_LOOP('',(#2394,#2395,#2396,#2397));
#425=EDGE_LOOP('',(#2398,#2399,#2400,#2401));
#426=EDGE_LOOP('',(#2402,#2403,#2404,#2405));
#427=EDGE_LOOP('',(#2406,#2407,#2408,#2409));
#428=EDGE_LOOP('',(#2410,#2411,#2412,#2413));
#429=EDGE_LOOP('',(#2414,#2415,#2416,#2417));
#430=EDGE_LOOP('',(#2418,#2419,#2420,#2421));
#431=EDGE_LOOP('',(#2422,#2423,#2424,#2425));
#432=EDGE_LOOP('',(#2426,#2427,#2428,#2429,#2430,#2431,#2432,#2433,#2434,
#2435,#2436,#2437,#2438,#2439,#2440,#2441,#2442,#2443,#2444,#2445,#2446,
#2447,#2448,#2449,#2450,#2451,#2452,#2453,#2454,#2455,#2456,#2457,#2458,
#2459));
#433=EDGE_LOOP('',(#2460,#2461,#2462,#2463));
#434=EDGE_LOOP('',(#2464,#2465,#2466,#2467));
#435=EDGE_LOOP('',(#2468,#2469,#2470,#2471));
#436=EDGE_LOOP('',(#2472,#2473,#2474,#2475));
#437=EDGE_LOOP('',(#2476,#2477,#2478,#2479));
#438=EDGE_LOOP('',(#2480,#2481,#2482,#2483));
#439=EDGE_LOOP('',(#2484,#2485,#2486,#2487,#2488,#2489));
#440=EDGE_LOOP('',(#2490,#2491,#2492,#2493));
#441=EDGE_LOOP('',(#2494,#2495,#2496,#2497));
#442=EDGE_LOOP('',(#2498,#2499,#2500,#2501,#2502,#2503));
#443=EDGE_LOOP('',(#2504,#2505,#2506,#2507,#2508,#2509,#2510,#2511));
#444=EDGE_LOOP('',(#2512,#2513));
#445=EDGE_LOOP('',(#2514,#2515,#2516,#2517));
#446=EDGE_LOOP('',(#2518,#2519,#2520,#2521));
#447=EDGE_LOOP('',(#2522,#2523,#2524,#2525));
#448=EDGE_LOOP('',(#2526,#2527,#2528,#2529));
#449=EDGE_LOOP('',(#2530,#2531,#2532,#2533));
#450=EDGE_LOOP('',(#2534,#2535,#2536,#2537));
#451=EDGE_LOOP('',(#2538,#2539,#2540,#2541));
#452=EDGE_LOOP('',(#2542,#2543,#2544,#2545));
#453=EDGE_LOOP('',(#2546,#2547,#2548,#2549));
#454=EDGE_LOOP('',(#2550,#2551,#2552,#2553));
#455=EDGE_LOOP('',(#2554,#2555,#2556,#2557));
#456=EDGE_LOOP('',(#2558,#2559,#2560,#2561));
#457=EDGE_LOOP('',(#2562,#2563,#2564,#2565));
#458=EDGE_LOOP('',(#2566,#2567,#2568,#2569));
#459=EDGE_LOOP('',(#2570,#2571,#2572,#2573));
#460=EDGE_LOOP('',(#2574,#2575,#2576,#2577));
#461=EDGE_LOOP('',(#2578,#2579,#2580,#2581));
#462=EDGE_LOOP('',(#2582,#2583,#2584,#2585));
#463=EDGE_LOOP('',(#2586,#2587,#2588,#2589));
#464=EDGE_LOOP('',(#2590,#2591,#2592,#2593));
#465=EDGE_LOOP('',(#2594,#2595,#2596,#2597));
#466=EDGE_LOOP('',(#2598,#2599,#2600,#2601));
#467=EDGE_LOOP('',(#2602,#2603,#2604,#2605));
#468=EDGE_LOOP('',(#2606,#2607,#2608,#2609));
#469=EDGE_LOOP('',(#2610,#2611,#2612,#2613));
#470=EDGE_LOOP('',(#2614,#2615,#2616,#2617));
#471=EDGE_LOOP('',(#2618,#2619,#2620,#2621));
#472=EDGE_LOOP('',(#2622,#2623,#2624,#2625));
#473=EDGE_LOOP('',(#2626,#2627,#2628,#2629));
#474=EDGE_LOOP('',(#2630,#2631,#2632,#2633));
#475=EDGE_LOOP('',(#2634,#2635,#2636,#2637));
#476=EDGE_LOOP('',(#2638,#2639,#2640,#2641));
#477=EDGE_LOOP('',(#2642,#2643,#2644,#2645));
#478=EDGE_LOOP('',(#2646,#2647,#2648,#2649));
#479=EDGE_LOOP('',(#2650,#2651,#2652,#2653));
#480=EDGE_LOOP('',(#2654,#2655,#2656,#2657));
#481=EDGE_LOOP('',(#2658,#2659,#2660,#2661));
#482=EDGE_LOOP('',(#2662,#2663,#2664,#2665));
#483=EDGE_LOOP('',(#2666,#2667,#2668,#2669));
#484=EDGE_LOOP('',(#2670,#2671,#2672,#2673));
#485=EDGE_LOOP('',(#2674,#2675,#2676,#2677));
#486=EDGE_LOOP('',(#2678,#2679,#2680,#2681));
#487=EDGE_LOOP('',(#2682,#2683,#2684,#2685));
#488=EDGE_LOOP('',(#2686,#2687,#2688,#2689));
#489=EDGE_LOOP('',(#2690,#2691,#2692));
#490=EDGE_LOOP('',(#2693,#2694,#2695,#2696,#2697,#2698,#2699,#2700));
#491=EDGE_LOOP('',(#2701,#2702,#2703,#2704));
#492=EDGE_LOOP('',(#2705,#2706,#2707,#2708));
#493=EDGE_LOOP('',(#2709,#2710,#2711,#2712));
#494=EDGE_LOOP('',(#2713,#2714,#2715,#2716));
#495=EDGE_LOOP('',(#2717,#2718,#2719,#2720));
#496=EDGE_LOOP('',(#2721,#2722,#2723,#2724));
#497=EDGE_LOOP('',(#2725,#2726,#2727,#2728));
#498=EDGE_LOOP('',(#2729,#2730,#2731,#2732));
#499=EDGE_LOOP('',(#2733,#2734,#2735,#2736));
#500=EDGE_LOOP('',(#2737,#2738,#2739,#2740));
#501=EDGE_LOOP('',(#2741,#2742,#2743,#2744));
#502=EDGE_LOOP('',(#2745,#2746,#2747,#2748));
#503=EDGE_LOOP('',(#2749,#2750,#2751,#2752));
#504=EDGE_LOOP('',(#2753,#2754,#2755,#2756));
#505=EDGE_LOOP('',(#2757,#2758,#2759,#2760));
#506=EDGE_LOOP('',(#2761,#2762,#2763,#2764));
#507=EDGE_LOOP('',(#2765,#2766,#2767,#2768));
#508=EDGE_LOOP('',(#2769,#2770,#2771,#2772));
#509=EDGE_LOOP('',(#2773,#2774,#2775,#2776));
#510=EDGE_LOOP('',(#2777,#2778,#2779,#2780));
#511=EDGE_LOOP('',(#2781,#2782,#2783,#2784));
#512=EDGE_LOOP('',(#2785,#2786,#2787,#2788,#2789,#2790,#2791,#2792,#2793,
#2794));
#513=EDGE_LOOP('',(#2795,#2796,#2797,#2798,#2799));
#514=EDGE_LOOP('',(#2800,#2801,#2802,#2803,#2804));
#515=EDGE_LOOP('',(#2805,#2806,#2807,#2808,#2809));
#516=EDGE_LOOP('',(#2810));
#517=EDGE_LOOP('',(#2811,#2812,#2813,#2814));
#518=EDGE_LOOP('',(#2815));
#519=EDGE_LOOP('',(#2816,#2817,#2818,#2819));
#520=EDGE_LOOP('',(#2820,#2821,#2822,#2823));
#521=EDGE_LOOP('',(#2824,#2825,#2826,#2827,#2828));
#522=EDGE_LOOP('',(#2829,#2830,#2831));
#523=EDGE_LOOP('',(#2832,#2833,#2834,#2835,#2836));
#524=EDGE_LOOP('',(#2837,#2838,#2839,#2840));
#525=EDGE_LOOP('',(#2841,#2842,#2843));
#526=EDGE_LOOP('',(#2844,#2845,#2846,#2847,#2848,#2849));
#527=EDGE_LOOP('',(#2850,#2851,#2852,#2853));
#528=EDGE_LOOP('',(#2854,#2855,#2856,#2857,#2858,#2859,#2860,#2861,#2862,
#2863,#2864,#2865,#2866,#2867));
#529=EDGE_LOOP('',(#2868,#2869,#2870,#2871));
#530=EDGE_LOOP('',(#2872,#2873,#2874,#2875,#2876,#2877,#2878,#2879,#2880,
#2881,#2882,#2883));
#531=EDGE_LOOP('',(#2884,#2885,#2886,#2887,#2888,#2889,#2890,#2891,#2892,
#2893));
#532=EDGE_LOOP('',(#2894,#2895,#2896,#2897));
#533=EDGE_LOOP('',(#2898,#2899,#2900));
#534=EDGE_LOOP('',(#2901,#2902,#2903));
#535=B_SPLINE_CURVE_WITH_KNOTS('',3,(#4274,#4275,#4276,#4277),
 .UNSPECIFIED.,.F.,.F.,(4,4),(0.,0.214813323822661),.UNSPECIFIED.);
#536=B_SPLINE_CURVE_WITH_KNOTS('',3,(#4339,#4340,#4341,#4342,#4343,#4344,
#4345,#4346,#4347,#4348,#4349,#4350,#4351,#4352),.UNSPECIFIED.,.F.,.F.,
(4,2,2,2,2,2,4),(0.328067879242476,0.36904745799779,0.428723620491355,0.474034121659673,
0.519344622827992,0.548995548224787,0.571097463001121),.UNSPECIFIED.);
#537=B_SPLINE_CURVE_WITH_KNOTS('',3,(#4356,#4357,#4358,#4359,#4360,#4361,
#4362,#4363,#4364,#4365),.UNSPECIFIED.,.F.,.F.,(4,2,2,2,4),(0.586195484242196,
0.608297399018378,0.637948324415173,0.683258825583492,0.699678564147986),
 .UNSPECIFIED.);
#538=B_SPLINE_CURVE_WITH_KNOTS('',3,(#4448,#4449,#4450,#4451),
 .UNSPECIFIED.,.F.,.F.,(4,4),(-0.0742033354892955,0.),.UNSPECIFIED.);
#539=B_SPLINE_CURVE_WITH_KNOTS('',3,(#4455,#4456,#4457,#4458),
 .UNSPECIFIED.,.F.,.F.,(4,4),(-0.0745514661725221,0.),.UNSPECIFIED.);
#540=B_SPLINE_CURVE_WITH_KNOTS('',3,(#4489,#4490,#4491,#4492,#4493,#4494,
#4495,#4496,#4497,#4498,#4499,#4500,#4501),.UNSPECIFIED.,.F.,.F.,(4,3,3,
3,4),(0.0452755256917631,0.104969269220802,0.153642168815833,0.180590537915878,
0.187560965182909),.UNSPECIFIED.);
#541=B_SPLINE_CURVE_WITH_KNOTS('',3,(#4504,#4505,#4506,#4507,#4508,#4509,
#4510,#4511,#4512,#4513),.UNSPECIFIED.,.F.,.F.,(4,3,3,4),(0.0452755256917631,
0.104969269220802,0.153642168815833,0.16107236937099),.UNSPECIFIED.);
#542=B_SPLINE_CURVE_WITH_KNOTS('',3,(#4559,#4560,#4561,#4562,#4563,#4564,
#4565,#4566,#4567,#4568),.UNSPECIFIED.,.F.,.F.,(4,3,3,4),(0.0452755256917962,
0.104969269218081,0.15364216881454,0.161072369233439),.UNSPECIFIED.);
#543=B_SPLINE_CURVE_WITH_KNOTS('',3,(#4569,#4570,#4571,#4572,#4573,#4574,
#4575,#4576,#4577,#4578,#4579,#4580,#4581),.UNSPECIFIED.,.F.,.F.,(4,3,3,
3,4),(0.0176424417024223,0.0260133368541825,0.104969269218081,0.15364216881454,
0.161072369233439),.UNSPECIFIED.);
#544=B_SPLINE_CURVE_WITH_KNOTS('',3,(#4648,#4649,#4650,#4651,#4652,#4653,
#4654,#4655,#4656,#4657,#4658,#4659,#4660,#4661),.UNSPECIFIED.,.F.,.F.,
(4,2,2,2,2,2,4),(0.,0.0104802454544391,0.0349480720788922,0.101816813604109,
0.199819237059384,0.236461173211329,0.255837232010784),.UNSPECIFIED.);
#545=B_SPLINE_CURVE_WITH_KNOTS('',3,(#4663,#4664,#4665,#4666),
 .UNSPECIFIED.,.F.,.F.,(4,4),(0.488190240699354,0.674999984912574),
 .UNSPECIFIED.);
#546=B_SPLINE_CURVE_WITH_KNOTS('',3,(#4668,#4669,#4670,#4671,#4672,#4673,
#4674,#4675,#4676,#4677,#4678,#4679,#4680,#4681,#4682,#4683,#4684,#4685,
#4686,#4687,#4688,#4689,#4690,#4691,#4692),.UNSPECIFIED.,.F.,.F.,(4,3,3,
3,3,3,3,3,4),(0.,0.021676614472607,0.0289021526301427,0.0578043052602853,
0.086706457890428,0.115608610520571,0.144510763150713,0.173412915780856,
0.202315068410999),.UNSPECIFIED.);
#547=B_SPLINE_CURVE_WITH_KNOTS('',3,(#4693,#4694,#4695,#4696),
 .UNSPECIFIED.,.F.,.F.,(4,4),(-0.675000015087426,-0.288190240699354),
 .UNSPECIFIED.);
#548=B_SPLINE_CURVE_WITH_KNOTS('',3,(#4749,#4750,#4751,#4752,#4753,#4754,
#4755,#4756,#4757,#4758,#4759,#4760,#4761,#4762),.UNSPECIFIED.,.F.,.F.,
(4,2,2,2,2,2,4),(0.,0.0353666542244115,0.157823315389103,0.283544179951868,
0.319744548372905,0.33068584714605,0.338568658142507),.UNSPECIFIED.);
#549=B_SPLINE_CURVE_WITH_KNOTS('',3,(#4764,#4765,#4766,#4767),
 .UNSPECIFIED.,.F.,.F.,(4,4),(0.381595112805964,0.768404887194036),
 .UNSPECIFIED.);
#550=B_SPLINE_CURVE_WITH_KNOTS('',3,(#4769,#4770,#4771,#4772,#4773,#4774,
#4775,#4776,#4777,#4778,#4779,#4780,#4781,#4782,#4783,#4784,#4785,#4786,
#4787,#4788,#4789,#4790,#4791,#4792,#4793),.UNSPECIFIED.,.F.,.F.,(4,3,3,
3,3,3,3,3,4),(0.,0.0289021526301235,0.057804305260247,0.0867064578903704,
0.115608610520494,0.144510763150617,0.173412915780741,0.180638453938272,
0.202315068410864),.UNSPECIFIED.);
#551=B_SPLINE_CURVE_WITH_KNOTS('',3,(#4794,#4795,#4796,#4797),
 .UNSPECIFIED.,.F.,.F.,(4,4),(-0.768404857019184,-0.581595112805965),
 .UNSPECIFIED.);
#552=LINE('',#4269,#892);
#553=LINE('',#4271,#893);
#554=LINE('',#4273,#894);
#555=LINE('',#4294,#895);
#556=LINE('',#4296,#896);
#557=LINE('',#4298,#897);
#558=LINE('',#4299,#898);
#559=LINE('',#4302,#899);
#560=LINE('',#4303,#900);
#561=LINE('',#4306,#901);
#562=LINE('',#4307,#902);
#563=LINE('',#4312,#903);
#564=LINE('',#4334,#904);
#565=LINE('',#4335,#905);
#566=LINE('',#4373,#906);
#567=LINE('',#4375,#907);
#568=LINE('',#4379,#908);
#569=LINE('',#4381,#909);
#570=LINE('',#4383,#910);
#571=LINE('',#4387,#911);
#572=LINE('',#4391,#912);
#573=LINE('',#4396,#913);
#574=LINE('',#4398,#914);
#575=LINE('',#4400,#915);
#576=LINE('',#4401,#916);
#577=LINE('',#4406,#917);
#578=LINE('',#4408,#918);
#579=LINE('',#4410,#919);
#580=LINE('',#4414,#920);
#581=LINE('',#4416,#921);
#582=LINE('',#4418,#922);
#583=LINE('',#4419,#923);
#584=LINE('',#4423,#924);
#585=LINE('',#4427,#925);
#586=LINE('',#4428,#926);
#587=LINE('',#4429,#927);
#588=LINE('',#4432,#928);
#589=LINE('',#4434,#929);
#590=LINE('',#4435,#930);
#591=LINE('',#4439,#931);
#592=LINE('',#4441,#932);
#593=LINE('',#4442,#933);
#594=LINE('',#4444,#934);
#595=LINE('',#4453,#935);
#596=LINE('',#4459,#936);
#597=LINE('',#4487,#937);
#598=LINE('',#4503,#938);
#599=LINE('',#4516,#939);
#600=LINE('',#4517,#940);
#601=LINE('',#4520,#941);
#602=LINE('',#4522,#942);
#603=LINE('',#4523,#943);
#604=LINE('',#4527,#944);
#605=LINE('',#4529,#945);
#606=LINE('',#4531,#946);
#607=LINE('',#4532,#947);
#608=LINE('',#4583,#948);
#609=LINE('',#4586,#949);
#610=LINE('',#4588,#950);
#611=LINE('',#4590,#951);
#612=LINE('',#4592,#952);
#613=LINE('',#4594,#953);
#614=LINE('',#4596,#954);
#615=LINE('',#4598,#955);
#616=LINE('',#4600,#956);
#617=LINE('',#4601,#957);
#618=LINE('',#4699,#958);
#619=LINE('',#4701,#959);
#620=LINE('',#4702,#960);
#621=LINE('',#4800,#961);
#622=LINE('',#4802,#962);
#623=LINE('',#4804,#963);
#624=LINE('',#4806,#964);
#625=LINE('',#4807,#965);
#626=LINE('',#4808,#966);
#627=LINE('',#4810,#967);
#628=LINE('',#4813,#968);
#629=LINE('',#4814,#969);
#630=LINE('',#4817,#970);
#631=LINE('',#4818,#971);
#632=LINE('',#4820,#972);
#633=LINE('',#4824,#973);
#634=LINE('',#4826,#974);
#635=LINE('',#4828,#975);
#636=LINE('',#4829,#976);
#637=LINE('',#4832,#977);
#638=LINE('',#4834,#978);
#639=LINE('',#4835,#979);
#640=LINE('',#4838,#980);
#641=LINE('',#4840,#981);
#642=LINE('',#4841,#982);
#643=LINE('',#4842,#983);
#644=LINE('',#4845,#984);
#645=LINE('',#4847,#985);
#646=LINE('',#4848,#986);
#647=LINE('',#4851,#987);
#648=LINE('',#4853,#988);
#649=LINE('',#4854,#989);
#650=LINE('',#4857,#990);
#651=LINE('',#4858,#991);
#652=LINE('',#4860,#992);
#653=LINE('',#4863,#993);
#654=LINE('',#4865,#994);
#655=LINE('',#4867,#995);
#656=LINE('',#4868,#996);
#657=LINE('',#4869,#997);
#658=LINE('',#4871,#998);
#659=LINE('',#4873,#999);
#660=LINE('',#4876,#1000);
#661=LINE('',#4879,#1001);
#662=LINE('',#4885,#1002);
#663=LINE('',#4888,#1003);
#664=LINE('',#4890,#1004);
#665=LINE('',#4892,#1005);
#666=LINE('',#4896,#1006);
#667=LINE('',#4899,#1007);
#668=LINE('',#4901,#1008);
#669=LINE('',#4902,#1009);
#670=LINE('',#4904,#1010);
#671=LINE('',#4906,#1011);
#672=LINE('',#4907,#1012);
#673=LINE('',#4909,#1013);
#674=LINE('',#4911,#1014);
#675=LINE('',#4912,#1015);
#676=LINE('',#4914,#1016);
#677=LINE('',#4918,#1017);
#678=LINE('',#4920,#1018);
#679=LINE('',#4921,#1019);
#680=LINE('',#4924,#1020);
#681=LINE('',#4928,#1021);
#682=LINE('',#4932,#1022);
#683=LINE('',#4936,#1023);
#684=LINE('',#4940,#1024);
#685=LINE('',#4944,#1025);
#686=LINE('',#4948,#1026);
#687=LINE('',#4952,#1027);
#688=LINE('',#4956,#1028);
#689=LINE('',#4960,#1029);
#690=LINE('',#4964,#1030);
#691=LINE('',#4968,#1031);
#692=LINE('',#4972,#1032);
#693=LINE('',#4976,#1033);
#694=LINE('',#4980,#1034);
#695=LINE('',#4984,#1035);
#696=LINE('',#4988,#1036);
#697=LINE('',#4992,#1037);
#698=LINE('',#4996,#1038);
#699=LINE('',#5000,#1039);
#700=LINE('',#5004,#1040);
#701=LINE('',#5008,#1041);
#702=LINE('',#5013,#1042);
#703=LINE('',#5015,#1043);
#704=LINE('',#5018,#1044);
#705=LINE('',#5020,#1045);
#706=LINE('',#5022,#1046);
#707=LINE('',#5023,#1047);
#708=LINE('',#5025,#1048);
#709=LINE('',#5028,#1049);
#710=LINE('',#5029,#1050);
#711=LINE('',#5033,#1051);
#712=LINE('',#5035,#1052);
#713=LINE('',#5037,#1053);
#714=LINE('',#5038,#1054);
#715=LINE('',#5042,#1055);
#716=LINE('',#5044,#1056);
#717=LINE('',#5046,#1057);
#718=LINE('',#5047,#1058);
#719=LINE('',#5051,#1059);
#720=LINE('',#5053,#1060);
#721=LINE('',#5055,#1061);
#722=LINE('',#5056,#1062);
#723=LINE('',#5058,#1063);
#724=LINE('',#5059,#1064);
#725=LINE('',#5062,#1065);
#726=LINE('',#5064,#1066);
#727=LINE('',#5065,#1067);
#728=LINE('',#5068,#1068);
#729=LINE('',#5070,#1069);
#730=LINE('',#5071,#1070);
#731=LINE('',#5074,#1071);
#732=LINE('',#5076,#1072);
#733=LINE('',#5078,#1073);
#734=LINE('',#5079,#1074);
#735=LINE('',#5082,#1075);
#736=LINE('',#5084,#1076);
#737=LINE('',#5086,#1077);
#738=LINE('',#5087,#1078);
#739=LINE('',#5091,#1079);
#740=LINE('',#5093,#1080);
#741=LINE('',#5095,#1081);
#742=LINE('',#5096,#1082);
#743=LINE('',#5098,#1083);
#744=LINE('',#5099,#1084);
#745=LINE('',#5101,#1085);
#746=LINE('',#5102,#1086);
#747=LINE('',#5105,#1087);
#748=LINE('',#5107,#1088);
#749=LINE('',#5108,#1089);
#750=LINE('',#5111,#1090);
#751=LINE('',#5113,#1091);
#752=LINE('',#5114,#1092);
#753=LINE('',#5116,#1093);
#754=LINE('',#5118,#1094);
#755=LINE('',#5120,#1095);
#756=LINE('',#5122,#1096);
#757=LINE('',#5128,#1097);
#758=LINE('',#5131,#1098);
#759=LINE('',#5134,#1099);
#760=LINE('',#5136,#1100);
#761=LINE('',#5137,#1101);
#762=LINE('',#5143,#1102);
#763=LINE('',#5146,#1103);
#764=LINE('',#5148,#1104);
#765=LINE('',#5149,#1105);
#766=LINE('',#5152,#1106);
#767=LINE('',#5154,#1107);
#768=LINE('',#5155,#1108);
#769=LINE('',#5157,#1109);
#770=LINE('',#5159,#1110);
#771=LINE('',#5161,#1111);
#772=LINE('',#5167,#1112);
#773=LINE('',#5170,#1113);
#774=LINE('',#5172,#1114);
#775=LINE('',#5174,#1115);
#776=LINE('',#5176,#1116);
#777=LINE('',#5178,#1117);
#778=LINE('',#5180,#1118);
#779=LINE('',#5182,#1119);
#780=LINE('',#5184,#1120);
#781=LINE('',#5186,#1121);
#782=LINE('',#5187,#1122);
#783=LINE('',#5188,#1123);
#784=LINE('',#5191,#1124);
#785=LINE('',#5193,#1125);
#786=LINE('',#5196,#1126);
#787=LINE('',#5197,#1127);
#788=LINE('',#5199,#1128);
#789=LINE('',#5202,#1129);
#790=LINE('',#5204,#1130);
#791=LINE('',#5205,#1131);
#792=LINE('',#5208,#1132);
#793=LINE('',#5212,#1133);
#794=LINE('',#5213,#1134);
#795=LINE('',#5220,#1135);
#796=LINE('',#5222,#1136);
#797=LINE('',#5223,#1137);
#798=LINE('',#5226,#1138);
#799=LINE('',#5230,#1139);
#800=LINE('',#5231,#1140);
#801=LINE('',#5236,#1141);
#802=LINE('',#5238,#1142);
#803=LINE('',#5239,#1143);
#804=LINE('',#5242,#1144);
#805=LINE('',#5246,#1145);
#806=LINE('',#5247,#1146);
#807=LINE('',#5252,#1147);
#808=LINE('',#5254,#1148);
#809=LINE('',#5255,#1149);
#810=LINE('',#5258,#1150);
#811=LINE('',#5262,#1151);
#812=LINE('',#5263,#1152);
#813=LINE('',#5268,#1153);
#814=LINE('',#5270,#1154);
#815=LINE('',#5271,#1155);
#816=LINE('',#5274,#1156);
#817=LINE('',#5278,#1157);
#818=LINE('',#5279,#1158);
#819=LINE('',#5284,#1159);
#820=LINE('',#5286,#1160);
#821=LINE('',#5287,#1161);
#822=LINE('',#5290,#1162);
#823=LINE('',#5294,#1163);
#824=LINE('',#5295,#1164);
#825=LINE('',#5300,#1165);
#826=LINE('',#5302,#1166);
#827=LINE('',#5303,#1167);
#828=LINE('',#5306,#1168);
#829=LINE('',#5310,#1169);
#830=LINE('',#5311,#1170);
#831=LINE('',#5316,#1171);
#832=LINE('',#5318,#1172);
#833=LINE('',#5319,#1173);
#834=LINE('',#5322,#1174);
#835=LINE('',#5326,#1175);
#836=LINE('',#5327,#1176);
#837=LINE('',#5332,#1177);
#838=LINE('',#5334,#1178);
#839=LINE('',#5335,#1179);
#840=LINE('',#5338,#1180);
#841=LINE('',#5342,#1181);
#842=LINE('',#5343,#1182);
#843=LINE('',#5348,#1183);
#844=LINE('',#5350,#1184);
#845=LINE('',#5351,#1185);
#846=LINE('',#5354,#1186);
#847=LINE('',#5358,#1187);
#848=LINE('',#5359,#1188);
#849=LINE('',#5364,#1189);
#850=LINE('',#5366,#1190);
#851=LINE('',#5367,#1191);
#852=LINE('',#5370,#1192);
#853=LINE('',#5374,#1193);
#854=LINE('',#5375,#1194);
#855=LINE('',#5380,#1195);
#856=LINE('',#5382,#1196);
#857=LINE('',#5383,#1197);
#858=LINE('',#5386,#1198);
#859=LINE('',#5390,#1199);
#860=LINE('',#5391,#1200);
#861=LINE('',#5397,#1201);
#862=LINE('',#5398,#1202);
#863=LINE('',#5404,#1203);
#864=LINE('',#5408,#1204);
#865=LINE('',#5413,#1205);
#866=LINE('',#5414,#1206);
#867=LINE('',#5417,#1207);
#868=LINE('',#5418,#1208);
#869=LINE('',#5422,#1209);
#870=LINE('',#5424,#1210);
#871=LINE('',#5427,#1211);
#872=LINE('',#5429,#1212);
#873=LINE('',#5431,#1213);
#874=LINE('',#5444,#1214);
#875=LINE('',#5448,#1215);
#876=LINE('',#5451,#1216);
#877=LINE('',#5452,#1217);
#878=LINE('',#5459,#1218);
#879=LINE('',#5461,#1219);
#880=LINE('',#5464,#1220);
#881=LINE('',#5465,#1221);
#882=LINE('',#5468,#1222);
#883=LINE('',#5469,#1223);
#884=LINE('',#5471,#1224);
#885=LINE('',#5474,#1225);
#886=LINE('',#5475,#1226);
#887=LINE('',#5477,#1227);
#888=LINE('',#5479,#1228);
#889=LINE('',#5480,#1229);
#890=LINE('',#5484,#1230);
#891=LINE('',#5487,#1231);
#892=VECTOR('',#3429,1.);
#893=VECTOR('',#3430,1.);
#894=VECTOR('',#3431,1.);
#895=VECTOR('',#3442,1.);
#896=VECTOR('',#3443,1.);
#897=VECTOR('',#3444,1.);
#898=VECTOR('',#3445,1.);
#899=VECTOR('',#3448,1.);
#900=VECTOR('',#3449,1.);
#901=VECTOR('',#3452,1.);
#902=VECTOR('',#3453,1.);
#903=VECTOR('',#3458,1.);
#904=VECTOR('',#3471,1.);
#905=VECTOR('',#3472,1.);
#906=VECTOR('',#3481,1.);
#907=VECTOR('',#3482,1.);
#908=VECTOR('',#3485,1.);
#909=VECTOR('',#3486,1.);
#910=VECTOR('',#3487,1.);
#911=VECTOR('',#3490,1.);
#912=VECTOR('',#3493,1.);
#913=VECTOR('',#3498,1.);
#914=VECTOR('',#3499,1.);
#915=VECTOR('',#3500,1.);
#916=VECTOR('',#3501,1.);
#917=VECTOR('',#3506,1.);
#918=VECTOR('',#3507,1.);
#919=VECTOR('',#3508,1.);
#920=VECTOR('',#3511,1.);
#921=VECTOR('',#3512,1.);
#922=VECTOR('',#3513,1.);
#923=VECTOR('',#3514,1.);
#924=VECTOR('',#3519,1.);
#925=VECTOR('',#3522,1.);
#926=VECTOR('',#3523,1.);
#927=VECTOR('',#3524,1.);
#928=VECTOR('',#3527,1.);
#929=VECTOR('',#3528,1.);
#930=VECTOR('',#3529,1.);
#931=VECTOR('',#3532,1.);
#932=VECTOR('',#3533,1.);
#933=VECTOR('',#3534,1.);
#934=VECTOR('',#3537,1.);
#935=VECTOR('',#3540,1.);
#936=VECTOR('',#3541,1.);
#937=VECTOR('',#3542,1.);
#938=VECTOR('',#3543,1.);
#939=VECTOR('',#3546,1.);
#940=VECTOR('',#3547,1.);
#941=VECTOR('',#3550,1.);
#942=VECTOR('',#3551,1.);
#943=VECTOR('',#3552,1.);
#944=VECTOR('',#3555,1.);
#945=VECTOR('',#3556,1.);
#946=VECTOR('',#3557,1.);
#947=VECTOR('',#3558,1.);
#948=VECTOR('',#3561,1.);
#949=VECTOR('',#3564,1.);
#950=VECTOR('',#3565,1.);
#951=VECTOR('',#3566,1.);
#952=VECTOR('',#3567,1.);
#953=VECTOR('',#3568,1.);
#954=VECTOR('',#3569,1.);
#955=VECTOR('',#3570,1.);
#956=VECTOR('',#3571,1.);
#957=VECTOR('',#3572,1.);
#958=VECTOR('',#3575,1.);
#959=VECTOR('',#3576,1.);
#960=VECTOR('',#3577,1.);
#961=VECTOR('',#3580,1.);
#962=VECTOR('',#3581,1.);
#963=VECTOR('',#3582,1.);
#964=VECTOR('',#3583,1.);
#965=VECTOR('',#3584,1.);
#966=VECTOR('',#3585,1.);
#967=VECTOR('',#3588,1.);
#968=VECTOR('',#3591,1.);
#969=VECTOR('',#3592,1.);
#970=VECTOR('',#3595,1.);
#971=VECTOR('',#3596,1.);
#972=VECTOR('',#3599,1.);
#973=VECTOR('',#3602,1.);
#974=VECTOR('',#3603,1.);
#975=VECTOR('',#3604,1.);
#976=VECTOR('',#3605,1.);
#977=VECTOR('',#3608,1.);
#978=VECTOR('',#3609,1.);
#979=VECTOR('',#3610,1.);
#980=VECTOR('',#3613,1.);
#981=VECTOR('',#3614,1.);
#982=VECTOR('',#3615,1.);
#983=VECTOR('',#3616,1.);
#984=VECTOR('',#3619,1.);
#985=VECTOR('',#3620,1.);
#986=VECTOR('',#3621,1.);
#987=VECTOR('',#3624,1.);
#988=VECTOR('',#3625,1.);
#989=VECTOR('',#3626,1.);
#990=VECTOR('',#3629,1.);
#991=VECTOR('',#3630,1.);
#992=VECTOR('',#3633,1.);
#993=VECTOR('',#3636,1.);
#994=VECTOR('',#3637,1.);
#995=VECTOR('',#3638,1.);
#996=VECTOR('',#3639,1.);
#997=VECTOR('',#3640,1.);
#998=VECTOR('',#3643,1.);
#999=VECTOR('',#3646,1.);
#1000=VECTOR('',#3649,1.);
#1001=VECTOR('',#3652,1.);
#1002=VECTOR('',#3657,1.);
#1003=VECTOR('',#3660,1.);
#1004=VECTOR('',#3663,1.);
#1005=VECTOR('',#3664,1.);
#1006=VECTOR('',#3667,1.);
#1007=VECTOR('',#3670,1.);
#1008=VECTOR('',#3671,1.);
#1009=VECTOR('',#3672,1.);
#1010=VECTOR('',#3673,1.);
#1011=VECTOR('',#3674,1.);
#1012=VECTOR('',#3675,1.);
#1013=VECTOR('',#3676,1.);
#1014=VECTOR('',#3677,1.);
#1015=VECTOR('',#3678,1.);
#1016=VECTOR('',#3679,1.);
#1017=VECTOR('',#3682,1.);
#1018=VECTOR('',#3683,1.);
#1019=VECTOR('',#3684,1.);
#1020=VECTOR('',#3685,1.);
#1021=VECTOR('',#3688,1.);
#1022=VECTOR('',#3691,1.);
#1023=VECTOR('',#3694,1.);
#1024=VECTOR('',#3697,1.);
#1025=VECTOR('',#3700,1.);
#1026=VECTOR('',#3703,1.);
#1027=VECTOR('',#3706,1.);
#1028=VECTOR('',#3709,1.);
#1029=VECTOR('',#3712,1.);
#1030=VECTOR('',#3715,1.);
#1031=VECTOR('',#3718,1.);
#1032=VECTOR('',#3721,1.);
#1033=VECTOR('',#3724,1.);
#1034=VECTOR('',#3727,1.);
#1035=VECTOR('',#3730,1.);
#1036=VECTOR('',#3733,1.);
#1037=VECTOR('',#3736,1.);
#1038=VECTOR('',#3739,1.);
#1039=VECTOR('',#3742,1.);
#1040=VECTOR('',#3745,1.);
#1041=VECTOR('',#3748,1.);
#1042=VECTOR('',#3755,1.);
#1043=VECTOR('',#3758,1.);
#1044=VECTOR('',#3761,1.);
#1045=VECTOR('',#3762,1.);
#1046=VECTOR('',#3763,1.);
#1047=VECTOR('',#3764,1.);
#1048=VECTOR('',#3767,1.);
#1049=VECTOR('',#3770,1.);
#1050=VECTOR('',#3771,1.);
#1051=VECTOR('',#3774,1.);
#1052=VECTOR('',#3775,1.);
#1053=VECTOR('',#3776,1.);
#1054=VECTOR('',#3777,1.);
#1055=VECTOR('',#3780,1.);
#1056=VECTOR('',#3781,1.);
#1057=VECTOR('',#3782,1.);
#1058=VECTOR('',#3783,1.);
#1059=VECTOR('',#3786,1.);
#1060=VECTOR('',#3787,1.);
#1061=VECTOR('',#3788,1.);
#1062=VECTOR('',#3789,1.);
#1063=VECTOR('',#3792,1.);
#1064=VECTOR('',#3793,1.);
#1065=VECTOR('',#3796,1.);
#1066=VECTOR('',#3797,1.);
#1067=VECTOR('',#3798,1.);
#1068=VECTOR('',#3801,1.);
#1069=VECTOR('',#3802,1.);
#1070=VECTOR('',#3803,1.);
#1071=VECTOR('',#3806,1.);
#1072=VECTOR('',#3807,1.);
#1073=VECTOR('',#3808,1.);
#1074=VECTOR('',#3809,1.);
#1075=VECTOR('',#3812,1.);
#1076=VECTOR('',#3813,1.);
#1077=VECTOR('',#3814,1.);
#1078=VECTOR('',#3815,1.);
#1079=VECTOR('',#3818,1.);
#1080=VECTOR('',#3819,1.);
#1081=VECTOR('',#3820,1.);
#1082=VECTOR('',#3821,1.);
#1083=VECTOR('',#3822,1.);
#1084=VECTOR('',#3823,1.);
#1085=VECTOR('',#3824,1.);
#1086=VECTOR('',#3825,1.);
#1087=VECTOR('',#3828,1.);
#1088=VECTOR('',#3829,1.);
#1089=VECTOR('',#3830,1.);
#1090=VECTOR('',#3833,1.);
#1091=VECTOR('',#3834,1.);
#1092=VECTOR('',#3835,1.);
#1093=VECTOR('',#3838,1.);
#1094=VECTOR('',#3841,1.);
#1095=VECTOR('',#3844,1.);
#1096=VECTOR('',#3847,1.);
#1097=VECTOR('',#3852,1.);
#1098=VECTOR('',#3855,1.);
#1099=VECTOR('',#3858,1.);
#1100=VECTOR('',#3859,1.);
#1101=VECTOR('',#3860,1.);
#1102=VECTOR('',#3867,1.);
#1103=VECTOR('',#3870,1.);
#1104=VECTOR('',#3871,1.);
#1105=VECTOR('',#3872,1.);
#1106=VECTOR('',#3875,1.);
#1107=VECTOR('',#3876,1.);
#1108=VECTOR('',#3877,1.);
#1109=VECTOR('',#3880,1.);
#1110=VECTOR('',#3883,1.);
#1111=VECTOR('',#3884,1.);
#1112=VECTOR('',#3891,1.);
#1113=VECTOR('',#3894,1.);
#1114=VECTOR('',#3895,1.);
#1115=VECTOR('',#3896,1.);
#1116=VECTOR('',#3897,1.);
#1117=VECTOR('',#3898,1.);
#1118=VECTOR('',#3899,1.);
#1119=VECTOR('',#3900,1.);
#1120=VECTOR('',#3901,1.);
#1121=VECTOR('',#3902,1.);
#1122=VECTOR('',#3903,1.);
#1123=VECTOR('',#3904,1.);
#1124=VECTOR('',#3909,1.);
#1125=VECTOR('',#3912,1.);
#1126=VECTOR('',#3917,1.);
#1127=VECTOR('',#3918,1.);
#1128=VECTOR('',#3921,1.);
#1129=VECTOR('',#3924,1.);
#1130=VECTOR('',#3925,1.);
#1131=VECTOR('',#3926,1.);
#1132=VECTOR('',#3929,1.);
#1133=VECTOR('',#3934,1.);
#1134=VECTOR('',#3935,1.);
#1135=VECTOR('',#3946,1.);
#1136=VECTOR('',#3947,1.);
#1137=VECTOR('',#3948,1.);
#1138=VECTOR('',#3951,1.);
#1139=VECTOR('',#3956,1.);
#1140=VECTOR('',#3957,1.);
#1141=VECTOR('',#3964,1.);
#1142=VECTOR('',#3965,1.);
#1143=VECTOR('',#3966,1.);
#1144=VECTOR('',#3969,1.);
#1145=VECTOR('',#3974,1.);
#1146=VECTOR('',#3975,1.);
#1147=VECTOR('',#3982,1.);
#1148=VECTOR('',#3983,1.);
#1149=VECTOR('',#3984,1.);
#1150=VECTOR('',#3987,1.);
#1151=VECTOR('',#3992,1.);
#1152=VECTOR('',#3993,1.);
#1153=VECTOR('',#4000,1.);
#1154=VECTOR('',#4001,1.);
#1155=VECTOR('',#4002,1.);
#1156=VECTOR('',#4005,1.);
#1157=VECTOR('',#4010,1.);
#1158=VECTOR('',#4011,1.);
#1159=VECTOR('',#4018,1.);
#1160=VECTOR('',#4019,1.);
#1161=VECTOR('',#4020,1.);
#1162=VECTOR('',#4023,1.);
#1163=VECTOR('',#4028,1.);
#1164=VECTOR('',#4029,1.);
#1165=VECTOR('',#4036,1.);
#1166=VECTOR('',#4037,1.);
#1167=VECTOR('',#4038,1.);
#1168=VECTOR('',#4041,1.);
#1169=VECTOR('',#4046,1.);
#1170=VECTOR('',#4047,1.);
#1171=VECTOR('',#4054,1.);
#1172=VECTOR('',#4055,1.);
#1173=VECTOR('',#4056,1.);
#1174=VECTOR('',#4059,1.);
#1175=VECTOR('',#4064,1.);
#1176=VECTOR('',#4065,1.);
#1177=VECTOR('',#4072,1.);
#1178=VECTOR('',#4073,1.);
#1179=VECTOR('',#4074,1.);
#1180=VECTOR('',#4077,1.);
#1181=VECTOR('',#4082,1.);
#1182=VECTOR('',#4083,1.);
#1183=VECTOR('',#4090,1.);
#1184=VECTOR('',#4091,1.);
#1185=VECTOR('',#4092,1.);
#1186=VECTOR('',#4095,1.);
#1187=VECTOR('',#4100,1.);
#1188=VECTOR('',#4101,1.);
#1189=VECTOR('',#4108,1.);
#1190=VECTOR('',#4109,1.);
#1191=VECTOR('',#4110,1.);
#1192=VECTOR('',#4113,1.);
#1193=VECTOR('',#4118,1.);
#1194=VECTOR('',#4119,1.);
#1195=VECTOR('',#4126,1.);
#1196=VECTOR('',#4127,1.);
#1197=VECTOR('',#4128,1.);
#1198=VECTOR('',#4131,1.);
#1199=VECTOR('',#4136,1.);
#1200=VECTOR('',#4137,1.);
#1201=VECTOR('',#4144,1.);
#1202=VECTOR('',#4145,1.);
#1203=VECTOR('',#4152,1.);
#1204=VECTOR('',#4155,1.);
#1205=VECTOR('',#4162,1.);
#1206=VECTOR('',#4163,1.);
#1207=VECTOR('',#4166,1.);
#1208=VECTOR('',#4167,1.);
#1209=VECTOR('',#4174,1.);
#1210=VECTOR('',#4177,1.);
#1211=VECTOR('',#4182,1.);
#1212=VECTOR('',#4185,1.);
#1213=VECTOR('',#4188,1.);
#1214=VECTOR('',#4205,0.0899999999999999);
#1215=VECTOR('',#4208,1.);
#1216=VECTOR('',#4211,1.);
#1217=VECTOR('',#4212,1.);
#1218=VECTOR('',#4223,1.);
#1219=VECTOR('',#4226,1.);
#1220=VECTOR('',#4229,1.);
#1221=VECTOR('',#4230,1.);
#1222=VECTOR('',#4233,1.);
#1223=VECTOR('',#4234,1.);
#1224=VECTOR('',#4237,1.);
#1225=VECTOR('',#4240,1.);
#1226=VECTOR('',#4241,1.);
#1227=VECTOR('',#4244,1.);
#1228=VECTOR('',#4247,1.);
#1229=VECTOR('',#4248,1.);
#1230=VECTOR('',#4255,1.);
#1231=VECTOR('',#4260,1.);
#1232=VERTEX_POINT('',#4267);
#1233=VERTEX_POINT('',#4268);
#1234=VERTEX_POINT('',#4270);
#1235=VERTEX_POINT('',#4272);
#1236=VERTEX_POINT('',#4279);
#1237=VERTEX_POINT('',#4280);
#1238=VERTEX_POINT('',#4284);
#1239=VERTEX_POINT('',#4286);
#1240=VERTEX_POINT('',#4293);
#1241=VERTEX_POINT('',#4295);
#1242=VERTEX_POINT('',#4297);
#1243=VERTEX_POINT('',#4301);
#1244=VERTEX_POINT('',#4305);
#1245=VERTEX_POINT('',#4309);
#1246=VERTEX_POINT('',#4311);
#1247=VERTEX_POINT('',#4313);
#1248=VERTEX_POINT('',#4317);
#1249=VERTEX_POINT('',#4318);
#1250=VERTEX_POINT('',#4322);
#1251=VERTEX_POINT('',#4327);
#1252=VERTEX_POINT('',#4333);
#1253=VERTEX_POINT('',#4337);
#1254=VERTEX_POINT('',#4338);
#1255=VERTEX_POINT('',#4353);
#1256=VERTEX_POINT('',#4355);
#1257=VERTEX_POINT('',#4366);
#1258=VERTEX_POINT('',#4372);
#1259=VERTEX_POINT('',#4374);
#1260=VERTEX_POINT('',#4376);
#1261=VERTEX_POINT('',#4378);
#1262=VERTEX_POINT('',#4380);
#1263=VERTEX_POINT('',#4382);
#1264=VERTEX_POINT('',#4384);
#1265=VERTEX_POINT('',#4386);
#1266=VERTEX_POINT('',#4388);
#1267=VERTEX_POINT('',#4390);
#1268=VERTEX_POINT('',#4394);
#1269=VERTEX_POINT('',#4395);
#1270=VERTEX_POINT('',#4397);
#1271=VERTEX_POINT('',#4399);
#1272=VERTEX_POINT('',#4403);
#1273=VERTEX_POINT('',#4405);
#1274=VERTEX_POINT('',#4407);
#1275=VERTEX_POINT('',#4409);
#1276=VERTEX_POINT('',#4411);
#1277=VERTEX_POINT('',#4413);
#1278=VERTEX_POINT('',#4415);
#1279=VERTEX_POINT('',#4417);
#1280=VERTEX_POINT('',#4421);
#1281=VERTEX_POINT('',#4425);
#1282=VERTEX_POINT('',#4426);
#1283=VERTEX_POINT('',#4431);
#1284=VERTEX_POINT('',#4433);
#1285=VERTEX_POINT('',#4436);
#1286=VERTEX_POINT('',#4438);
#1287=VERTEX_POINT('',#4440);
#1288=VERTEX_POINT('',#4446);
#1289=VERTEX_POINT('',#4447);
#1290=VERTEX_POINT('',#4452);
#1291=VERTEX_POINT('',#4454);
#1292=VERTEX_POINT('',#4486);
#1293=VERTEX_POINT('',#4488);
#1294=VERTEX_POINT('',#4502);
#1295=VERTEX_POINT('',#4515);
#1296=VERTEX_POINT('',#4519);
#1297=VERTEX_POINT('',#4521);
#1298=VERTEX_POINT('',#4525);
#1299=VERTEX_POINT('',#4526);
#1300=VERTEX_POINT('',#4528);
#1301=VERTEX_POINT('',#4530);
#1302=VERTEX_POINT('',#4585);
#1303=VERTEX_POINT('',#4587);
#1304=VERTEX_POINT('',#4589);
#1305=VERTEX_POINT('',#4591);
#1306=VERTEX_POINT('',#4593);
#1307=VERTEX_POINT('',#4595);
#1308=VERTEX_POINT('',#4597);
#1309=VERTEX_POINT('',#4599);
#1310=VERTEX_POINT('',#4646);
#1311=VERTEX_POINT('',#4647);
#1312=VERTEX_POINT('',#4662);
#1313=VERTEX_POINT('',#4667);
#1314=VERTEX_POINT('',#4698);
#1315=VERTEX_POINT('',#4700);
#1316=VERTEX_POINT('',#4747);
#1317=VERTEX_POINT('',#4748);
#1318=VERTEX_POINT('',#4763);
#1319=VERTEX_POINT('',#4768);
#1320=VERTEX_POINT('',#4799);
#1321=VERTEX_POINT('',#4801);
#1322=VERTEX_POINT('',#4803);
#1323=VERTEX_POINT('',#4805);
#1324=VERTEX_POINT('',#4812);
#1325=VERTEX_POINT('',#4816);
#1326=VERTEX_POINT('',#4822);
#1327=VERTEX_POINT('',#4823);
#1328=VERTEX_POINT('',#4825);
#1329=VERTEX_POINT('',#4827);
#1330=VERTEX_POINT('',#4831);
#1331=VERTEX_POINT('',#4833);
#1332=VERTEX_POINT('',#4837);
#1333=VERTEX_POINT('',#4839);
#1334=VERTEX_POINT('',#4844);
#1335=VERTEX_POINT('',#4846);
#1336=VERTEX_POINT('',#4850);
#1337=VERTEX_POINT('',#4852);
#1338=VERTEX_POINT('',#4856);
#1339=VERTEX_POINT('',#4862);
#1340=VERTEX_POINT('',#4864);
#1341=VERTEX_POINT('',#4866);
#1342=VERTEX_POINT('',#4875);
#1343=VERTEX_POINT('',#4877);
#1344=VERTEX_POINT('',#4881);
#1345=VERTEX_POINT('',#4882);
#1346=VERTEX_POINT('',#4884);
#1347=VERTEX_POINT('',#4886);
#1348=VERTEX_POINT('',#4891);
#1349=VERTEX_POINT('',#4893);
#1350=VERTEX_POINT('',#4895);
#1351=VERTEX_POINT('',#4898);
#1352=VERTEX_POINT('',#4900);
#1353=VERTEX_POINT('',#4903);
#1354=VERTEX_POINT('',#4905);
#1355=VERTEX_POINT('',#4908);
#1356=VERTEX_POINT('',#4910);
#1357=VERTEX_POINT('',#4913);
#1358=VERTEX_POINT('',#4915);
#1359=VERTEX_POINT('',#4917);
#1360=VERTEX_POINT('',#4919);
#1361=VERTEX_POINT('',#4922);
#1362=VERTEX_POINT('',#4923);
#1363=VERTEX_POINT('',#4925);
#1364=VERTEX_POINT('',#4927);
#1365=VERTEX_POINT('',#4930);
#1366=VERTEX_POINT('',#4931);
#1367=VERTEX_POINT('',#4933);
#1368=VERTEX_POINT('',#4935);
#1369=VERTEX_POINT('',#4938);
#1370=VERTEX_POINT('',#4939);
#1371=VERTEX_POINT('',#4941);
#1372=VERTEX_POINT('',#4943);
#1373=VERTEX_POINT('',#4946);
#1374=VERTEX_POINT('',#4947);
#1375=VERTEX_POINT('',#4949);
#1376=VERTEX_POINT('',#4951);
#1377=VERTEX_POINT('',#4954);
#1378=VERTEX_POINT('',#4955);
#1379=VERTEX_POINT('',#4957);
#1380=VERTEX_POINT('',#4959);
#1381=VERTEX_POINT('',#4962);
#1382=VERTEX_POINT('',#4963);
#1383=VERTEX_POINT('',#4965);
#1384=VERTEX_POINT('',#4967);
#1385=VERTEX_POINT('',#4970);
#1386=VERTEX_POINT('',#4971);
#1387=VERTEX_POINT('',#4973);
#1388=VERTEX_POINT('',#4975);
#1389=VERTEX_POINT('',#4978);
#1390=VERTEX_POINT('',#4979);
#1391=VERTEX_POINT('',#4981);
#1392=VERTEX_POINT('',#4983);
#1393=VERTEX_POINT('',#4986);
#1394=VERTEX_POINT('',#4987);
#1395=VERTEX_POINT('',#4989);
#1396=VERTEX_POINT('',#4991);
#1397=VERTEX_POINT('',#4994);
#1398=VERTEX_POINT('',#4995);
#1399=VERTEX_POINT('',#4997);
#1400=VERTEX_POINT('',#4999);
#1401=VERTEX_POINT('',#5002);
#1402=VERTEX_POINT('',#5003);
#1403=VERTEX_POINT('',#5005);
#1404=VERTEX_POINT('',#5007);
#1405=VERTEX_POINT('',#5011);
#1406=VERTEX_POINT('',#5017);
#1407=VERTEX_POINT('',#5019);
#1408=VERTEX_POINT('',#5021);
#1409=VERTEX_POINT('',#5027);
#1410=VERTEX_POINT('',#5031);
#1411=VERTEX_POINT('',#5032);
#1412=VERTEX_POINT('',#5034);
#1413=VERTEX_POINT('',#5036);
#1414=VERTEX_POINT('',#5040);
#1415=VERTEX_POINT('',#5041);
#1416=VERTEX_POINT('',#5043);
#1417=VERTEX_POINT('',#5045);
#1418=VERTEX_POINT('',#5049);
#1419=VERTEX_POINT('',#5050);
#1420=VERTEX_POINT('',#5052);
#1421=VERTEX_POINT('',#5054);
#1422=VERTEX_POINT('',#5061);
#1423=VERTEX_POINT('',#5063);
#1424=VERTEX_POINT('',#5067);
#1425=VERTEX_POINT('',#5069);
#1426=VERTEX_POINT('',#5073);
#1427=VERTEX_POINT('',#5075);
#1428=VERTEX_POINT('',#5077);
#1429=VERTEX_POINT('',#5081);
#1430=VERTEX_POINT('',#5083);
#1431=VERTEX_POINT('',#5085);
#1432=VERTEX_POINT('',#5089);
#1433=VERTEX_POINT('',#5090);
#1434=VERTEX_POINT('',#5092);
#1435=VERTEX_POINT('',#5094);
#1436=VERTEX_POINT('',#5097);
#1437=VERTEX_POINT('',#5100);
#1438=VERTEX_POINT('',#5104);
#1439=VERTEX_POINT('',#5106);
#1440=VERTEX_POINT('',#5110);
#1441=VERTEX_POINT('',#5112);
#1442=VERTEX_POINT('',#5124);
#1443=VERTEX_POINT('',#5125);
#1444=VERTEX_POINT('',#5127);
#1445=VERTEX_POINT('',#5129);
#1446=VERTEX_POINT('',#5133);
#1447=VERTEX_POINT('',#5135);
#1448=VERTEX_POINT('',#5139);
#1449=VERTEX_POINT('',#5141);
#1450=VERTEX_POINT('',#5145);
#1451=VERTEX_POINT('',#5147);
#1452=VERTEX_POINT('',#5151);
#1453=VERTEX_POINT('',#5153);
#1454=VERTEX_POINT('',#5160);
#1455=VERTEX_POINT('',#5164);
#1456=VERTEX_POINT('',#5166);
#1457=VERTEX_POINT('',#5168);
#1458=VERTEX_POINT('',#5171);
#1459=VERTEX_POINT('',#5173);
#1460=VERTEX_POINT('',#5175);
#1461=VERTEX_POINT('',#5177);
#1462=VERTEX_POINT('',#5179);
#1463=VERTEX_POINT('',#5181);
#1464=VERTEX_POINT('',#5183);
#1465=VERTEX_POINT('',#5185);
#1466=VERTEX_POINT('',#5201);
#1467=VERTEX_POINT('',#5203);
#1468=VERTEX_POINT('',#5207);
#1469=VERTEX_POINT('',#5211);
#1470=VERTEX_POINT('',#5219);
#1471=VERTEX_POINT('',#5221);
#1472=VERTEX_POINT('',#5225);
#1473=VERTEX_POINT('',#5229);
#1474=VERTEX_POINT('',#5235);
#1475=VERTEX_POINT('',#5237);
#1476=VERTEX_POINT('',#5241);
#1477=VERTEX_POINT('',#5245);
#1478=VERTEX_POINT('',#5251);
#1479=VERTEX_POINT('',#5253);
#1480=VERTEX_POINT('',#5257);
#1481=VERTEX_POINT('',#5261);
#1482=VERTEX_POINT('',#5267);
#1483=VERTEX_POINT('',#5269);
#1484=VERTEX_POINT('',#5273);
#1485=VERTEX_POINT('',#5277);
#1486=VERTEX_POINT('',#5283);
#1487=VERTEX_POINT('',#5285);
#1488=VERTEX_POINT('',#5289);
#1489=VERTEX_POINT('',#5293);
#1490=VERTEX_POINT('',#5299);
#1491=VERTEX_POINT('',#5301);
#1492=VERTEX_POINT('',#5305);
#1493=VERTEX_POINT('',#5309);
#1494=VERTEX_POINT('',#5315);
#1495=VERTEX_POINT('',#5317);
#1496=VERTEX_POINT('',#5321);
#1497=VERTEX_POINT('',#5325);
#1498=VERTEX_POINT('',#5331);
#1499=VERTEX_POINT('',#5333);
#1500=VERTEX_POINT('',#5337);
#1501=VERTEX_POINT('',#5341);
#1502=VERTEX_POINT('',#5347);
#1503=VERTEX_POINT('',#5349);
#1504=VERTEX_POINT('',#5353);
#1505=VERTEX_POINT('',#5357);
#1506=VERTEX_POINT('',#5363);
#1507=VERTEX_POINT('',#5365);
#1508=VERTEX_POINT('',#5369);
#1509=VERTEX_POINT('',#5373);
#1510=VERTEX_POINT('',#5379);
#1511=VERTEX_POINT('',#5381);
#1512=VERTEX_POINT('',#5385);
#1513=VERTEX_POINT('',#5389);
#1514=VERTEX_POINT('',#5395);
#1515=VERTEX_POINT('',#5396);
#1516=VERTEX_POINT('',#5401);
#1517=VERTEX_POINT('',#5403);
#1518=VERTEX_POINT('',#5405);
#1519=VERTEX_POINT('',#5407);
#1520=VERTEX_POINT('',#5412);
#1521=VERTEX_POINT('',#5416);
#1522=VERTEX_POINT('',#5434);
#1523=VERTEX_POINT('',#5435);
#1524=VERTEX_POINT('',#5437);
#1525=VERTEX_POINT('',#5442);
#1526=VERTEX_POINT('',#5446);
#1527=VERTEX_POINT('',#5447);
#1528=VERTEX_POINT('',#5449);
#1529=VERTEX_POINT('',#5454);
#1530=VERTEX_POINT('',#5463);
#1531=VERTEX_POINT('',#5467);
#1532=VERTEX_POINT('',#5473);
#1533=EDGE_CURVE('',#1232,#1233,#552,.T.);
#1534=EDGE_CURVE('',#1233,#1234,#553,.T.);
#1535=EDGE_CURVE('',#1234,#1235,#554,.T.);
#1536=EDGE_CURVE('',#1235,#1232,#535,.T.);
#1537=EDGE_CURVE('',#1236,#1237,#181,.T.);
#1538=EDGE_CURVE('',#1236,#1238,#88,.T.);
#1539=EDGE_CURVE('',#1238,#1239,#182,.F.);
#1540=EDGE_CURVE('',#1239,#1232,#89,.T.);
#1541=EDGE_CURVE('',#1235,#1237,#90,.T.);
#1542=EDGE_CURVE('',#1240,#1233,#555,.T.);
#1543=EDGE_CURVE('',#1241,#1240,#556,.T.);
#1544=EDGE_CURVE('',#1242,#1241,#557,.T.);
#1545=EDGE_CURVE('',#1234,#1242,#558,.T.);
#1546=EDGE_CURVE('',#1232,#1243,#559,.T.);
#1547=EDGE_CURVE('',#1243,#1240,#560,.T.);
#1548=EDGE_CURVE('',#1244,#1236,#561,.T.);
#1549=EDGE_CURVE('',#1238,#1244,#562,.T.);
#1550=EDGE_CURVE('',#1245,#1239,#91,.T.);
#1551=EDGE_CURVE('',#1246,#1245,#563,.T.);
#1552=EDGE_CURVE('',#1247,#1246,#92,.T.);
#1553=EDGE_CURVE('',#1243,#1247,#93,.T.);
#1554=EDGE_CURVE('',#1248,#1249,#183,.T.);
#1555=EDGE_CURVE('',#1248,#1250,#94,.T.);
#1556=EDGE_CURVE('',#1250,#1245,#184,.T.);
#1557=EDGE_CURVE('',#1239,#1251,#185,.F.);
#1558=EDGE_CURVE('',#1251,#1249,#95,.T.);
#1559=EDGE_CURVE('',#1252,#1251,#564,.T.);
#1560=EDGE_CURVE('',#1249,#1252,#565,.T.);
#1561=EDGE_CURVE('',#1253,#1254,#536,.T.);
#1562=EDGE_CURVE('',#1254,#1255,#96,.T.);
#1563=EDGE_CURVE('',#1256,#1255,#537,.F.);
#1564=EDGE_CURVE('',#1257,#1256,#186,.T.);
#1565=EDGE_CURVE('',#1257,#1253,#97,.T.);
#1566=EDGE_CURVE('',#1253,#1258,#566,.T.);
#1567=EDGE_CURVE('',#1259,#1257,#567,.T.);
#1568=EDGE_CURVE('',#1260,#1259,#98,.T.);
#1569=EDGE_CURVE('',#1260,#1261,#568,.T.);
#1570=EDGE_CURVE('',#1262,#1261,#569,.T.);
#1571=EDGE_CURVE('',#1262,#1263,#570,.T.);
#1572=EDGE_CURVE('',#1263,#1264,#99,.T.);
#1573=EDGE_CURVE('',#1264,#1265,#571,.T.);
#1574=EDGE_CURVE('',#1265,#1266,#100,.T.);
#1575=EDGE_CURVE('',#1266,#1267,#572,.T.);
#1576=EDGE_CURVE('',#1258,#1267,#101,.T.);
#1577=EDGE_CURVE('',#1268,#1269,#573,.T.);
#1578=EDGE_CURVE('',#1268,#1270,#574,.T.);
#1579=EDGE_CURVE('',#1271,#1270,#575,.T.);
#1580=EDGE_CURVE('',#1271,#1269,#576,.T.);
#1581=EDGE_CURVE('',#1269,#1272,#102,.T.);
#1582=EDGE_CURVE('',#1273,#1272,#577,.F.);
#1583=EDGE_CURVE('',#1274,#1273,#578,.T.);
#1584=EDGE_CURVE('',#1275,#1274,#579,.F.);
#1585=EDGE_CURVE('',#1275,#1276,#103,.T.);
#1586=EDGE_CURVE('',#1276,#1277,#580,.T.);
#1587=EDGE_CURVE('',#1277,#1278,#581,.T.);
#1588=EDGE_CURVE('',#1278,#1279,#582,.T.);
#1589=EDGE_CURVE('',#1268,#1279,#583,.T.);
#1590=EDGE_CURVE('',#1280,#1271,#104,.T.);
#1591=EDGE_CURVE('',#1272,#1280,#584,.T.);
#1592=EDGE_CURVE('',#1281,#1282,#585,.T.);
#1593=EDGE_CURVE('',#1281,#1277,#586,.T.);
#1594=EDGE_CURVE('',#1276,#1282,#587,.T.);
#1595=EDGE_CURVE('',#1270,#1283,#588,.T.);
#1596=EDGE_CURVE('',#1283,#1284,#589,.T.);
#1597=EDGE_CURVE('',#1281,#1284,#590,.T.);
#1598=EDGE_CURVE('',#1282,#1285,#105,.T.);
#1599=EDGE_CURVE('',#1286,#1285,#591,.F.);
#1600=EDGE_CURVE('',#1287,#1286,#592,.T.);
#1601=EDGE_CURVE('',#1280,#1287,#593,.F.);
#1602=EDGE_CURVE('',#1285,#1275,#594,.T.);
#1603=EDGE_CURVE('',#1288,#1289,#538,.T.);
#1604=EDGE_CURVE('',#1288,#1290,#595,.T.);
#1605=EDGE_CURVE('',#1291,#1290,#539,.T.);
#1606=EDGE_CURVE('',#1291,#1289,#596,.T.);
#1607=EDGE_CURVE('',#1292,#1290,#597,.T.);
#1608=EDGE_CURVE('',#1293,#1292,#540,.T.);
#1609=EDGE_CURVE('',#1293,#1294,#598,.T.);
#1610=EDGE_CURVE('',#1294,#1291,#541,.T.);
#1611=EDGE_CURVE('',#1295,#1288,#599,.T.);
#1612=EDGE_CURVE('',#1292,#1295,#600,.T.);
#1613=EDGE_CURVE('',#1296,#1293,#601,.T.);
#1614=EDGE_CURVE('',#1297,#1296,#602,.T.);
#1615=EDGE_CURVE('',#1297,#1294,#603,.T.);
#1616=EDGE_CURVE('',#1298,#1299,#604,.T.);
#1617=EDGE_CURVE('',#1298,#1300,#605,.T.);
#1618=EDGE_CURVE('',#1300,#1301,#606,.T.);
#1619=EDGE_CURVE('',#1299,#1301,#607,.T.);
#1620=EDGE_CURVE('',#1289,#1300,#542,.T.);
#1621=EDGE_CURVE('',#1295,#1298,#543,.T.);
#1622=EDGE_CURVE('',#1301,#1297,#608,.T.);
#1623=EDGE_CURVE('',#1302,#1296,#609,.T.);
#1624=EDGE_CURVE('',#1302,#1303,#610,.T.);
#1625=EDGE_CURVE('',#1303,#1304,#611,.T.);
#1626=EDGE_CURVE('',#1304,#1305,#612,.T.);
#1627=EDGE_CURVE('',#1306,#1305,#613,.T.);
#1628=EDGE_CURVE('',#1306,#1307,#614,.T.);
#1629=EDGE_CURVE('',#1307,#1308,#615,.T.);
#1630=EDGE_CURVE('',#1308,#1309,#616,.T.);
#1631=EDGE_CURVE('',#1299,#1309,#617,.T.);
#1632=EDGE_CURVE('',#1310,#1311,#544,.T.);
#1633=EDGE_CURVE('',#1311,#1312,#545,.T.);
#1634=EDGE_CURVE('',#1312,#1313,#546,.T.);
#1635=EDGE_CURVE('',#1313,#1310,#547,.T.);
#1636=EDGE_CURVE('',#1311,#1314,#618,.T.);
#1637=EDGE_CURVE('',#1315,#1314,#619,.T.);
#1638=EDGE_CURVE('',#1312,#1315,#620,.T.);
#1639=EDGE_CURVE('',#1316,#1317,#548,.T.);
#1640=EDGE_CURVE('',#1317,#1318,#549,.T.);
#1641=EDGE_CURVE('',#1318,#1319,#550,.T.);
#1642=EDGE_CURVE('',#1319,#1316,#551,.T.);
#1643=EDGE_CURVE('',#1320,#1313,#621,.T.);
#1644=EDGE_CURVE('',#1321,#1320,#622,.T.);
#1645=EDGE_CURVE('',#1322,#1321,#623,.T.);
#1646=EDGE_CURVE('',#1323,#1322,#624,.T.);
#1647=EDGE_CURVE('',#1318,#1323,#625,.T.);
#1648=EDGE_CURVE('',#1310,#1317,#626,.T.);
#1649=EDGE_CURVE('',#1316,#1311,#627,.T.);
#1650=EDGE_CURVE('',#1316,#1324,#628,.T.);
#1651=EDGE_CURVE('',#1314,#1324,#629,.T.);
#1652=EDGE_CURVE('',#1319,#1325,#630,.T.);
#1653=EDGE_CURVE('',#1324,#1325,#631,.T.);
#1654=EDGE_CURVE('',#1325,#1315,#632,.T.);
#1655=EDGE_CURVE('',#1326,#1327,#633,.T.);
#1656=EDGE_CURVE('',#1327,#1328,#634,.T.);
#1657=EDGE_CURVE('',#1328,#1329,#635,.T.);
#1658=EDGE_CURVE('',#1329,#1326,#636,.T.);
#1659=EDGE_CURVE('',#1330,#1329,#637,.T.);
#1660=EDGE_CURVE('',#1331,#1330,#638,.T.);
#1661=EDGE_CURVE('',#1326,#1331,#639,.T.);
#1662=EDGE_CURVE('',#1328,#1332,#640,.T.);
#1663=EDGE_CURVE('',#1333,#1332,#641,.T.);
#1664=EDGE_CURVE('',#1247,#1333,#642,.T.);
#1665=EDGE_CURVE('',#1330,#1246,#643,.T.);
#1666=EDGE_CURVE('',#1241,#1334,#644,.T.);
#1667=EDGE_CURVE('',#1334,#1335,#645,.T.);
#1668=EDGE_CURVE('',#1335,#1242,#646,.T.);
#1669=EDGE_CURVE('',#1336,#1334,#647,.T.);
#1670=EDGE_CURVE('',#1337,#1336,#648,.T.);
#1671=EDGE_CURVE('',#1335,#1337,#649,.T.);
#1672=EDGE_CURVE('',#1338,#1247,#650,.T.);
#1673=EDGE_CURVE('',#1336,#1338,#651,.T.);
#1674=EDGE_CURVE('',#1250,#1331,#652,.T.);
#1675=EDGE_CURVE('',#1339,#1327,#653,.T.);
#1676=EDGE_CURVE('',#1340,#1339,#654,.T.);
#1677=EDGE_CURVE('',#1341,#1340,#655,.T.);
#1678=EDGE_CURVE('',#1341,#1264,#656,.T.);
#1679=EDGE_CURVE('',#1332,#1263,#657,.T.);
#1680=EDGE_CURVE('',#1339,#1248,#658,.T.);
#1681=EDGE_CURVE('',#1237,#1337,#659,.T.);
#1682=EDGE_CURVE('',#1342,#1252,#660,.T.);
#1683=EDGE_CURVE('',#1343,#1342,#106,.T.);
#1684=EDGE_CURVE('',#1343,#1340,#661,.T.);
#1685=EDGE_CURVE('',#1344,#1345,#44,.T.);
#1686=EDGE_CURVE('',#1345,#1346,#662,.T.);
#1687=EDGE_CURVE('',#1346,#1347,#107,.T.);
#1688=EDGE_CURVE('',#1347,#1344,#663,.T.);
#1689=EDGE_CURVE('',#1333,#1260,#664,.T.);
#1690=EDGE_CURVE('',#1259,#1348,#665,.T.);
#1691=EDGE_CURVE('',#1348,#1349,#108,.T.);
#1692=EDGE_CURVE('',#1349,#1350,#666,.T.);
#1693=EDGE_CURVE('',#1350,#1258,#109,.T.);
#1694=EDGE_CURVE('',#1267,#1351,#667,.T.);
#1695=EDGE_CURVE('',#1351,#1352,#668,.T.);
#1696=EDGE_CURVE('',#1342,#1352,#669,.T.);
#1697=EDGE_CURVE('',#1244,#1353,#670,.T.);
#1698=EDGE_CURVE('',#1353,#1354,#671,.T.);
#1699=EDGE_CURVE('',#1354,#1346,#672,.T.);
#1700=EDGE_CURVE('',#1345,#1355,#673,.T.);
#1701=EDGE_CURVE('',#1355,#1356,#674,.T.);
#1702=EDGE_CURVE('',#1356,#1306,#675,.T.);
#1703=EDGE_CURVE('',#1305,#1357,#676,.T.);
#1704=EDGE_CURVE('',#1357,#1358,#110,.T.);
#1705=EDGE_CURVE('',#1358,#1359,#677,.T.);
#1706=EDGE_CURVE('',#1359,#1360,#678,.T.);
#1707=EDGE_CURVE('',#1360,#1338,#679,.T.);
#1708=EDGE_CURVE('',#1361,#1362,#680,.T.);
#1709=EDGE_CURVE('',#1362,#1363,#111,.T.);
#1710=EDGE_CURVE('',#1363,#1364,#681,.T.);
#1711=EDGE_CURVE('',#1364,#1361,#112,.T.);
#1712=EDGE_CURVE('',#1365,#1366,#682,.T.);
#1713=EDGE_CURVE('',#1366,#1367,#113,.T.);
#1714=EDGE_CURVE('',#1367,#1368,#683,.T.);
#1715=EDGE_CURVE('',#1368,#1365,#114,.T.);
#1716=EDGE_CURVE('',#1369,#1370,#684,.T.);
#1717=EDGE_CURVE('',#1370,#1371,#115,.T.);
#1718=EDGE_CURVE('',#1371,#1372,#685,.T.);
#1719=EDGE_CURVE('',#1372,#1369,#116,.T.);
#1720=EDGE_CURVE('',#1373,#1374,#686,.T.);
#1721=EDGE_CURVE('',#1374,#1375,#117,.T.);
#1722=EDGE_CURVE('',#1375,#1376,#687,.T.);
#1723=EDGE_CURVE('',#1376,#1373,#118,.T.);
#1724=EDGE_CURVE('',#1377,#1378,#688,.T.);
#1725=EDGE_CURVE('',#1378,#1379,#119,.T.);
#1726=EDGE_CURVE('',#1379,#1380,#689,.T.);
#1727=EDGE_CURVE('',#1380,#1377,#120,.T.);
#1728=EDGE_CURVE('',#1381,#1382,#690,.T.);
#1729=EDGE_CURVE('',#1382,#1383,#121,.T.);
#1730=EDGE_CURVE('',#1383,#1384,#691,.T.);
#1731=EDGE_CURVE('',#1384,#1381,#122,.T.);
#1732=EDGE_CURVE('',#1385,#1386,#692,.T.);
#1733=EDGE_CURVE('',#1386,#1387,#123,.T.);
#1734=EDGE_CURVE('',#1387,#1388,#693,.T.);
#1735=EDGE_CURVE('',#1388,#1385,#124,.T.);
#1736=EDGE_CURVE('',#1389,#1390,#694,.T.);
#1737=EDGE_CURVE('',#1390,#1391,#125,.T.);
#1738=EDGE_CURVE('',#1391,#1392,#695,.T.);
#1739=EDGE_CURVE('',#1392,#1389,#126,.T.);
#1740=EDGE_CURVE('',#1393,#1394,#696,.T.);
#1741=EDGE_CURVE('',#1394,#1395,#127,.T.);
#1742=EDGE_CURVE('',#1395,#1396,#697,.T.);
#1743=EDGE_CURVE('',#1396,#1393,#128,.T.);
#1744=EDGE_CURVE('',#1397,#1398,#698,.T.);
#1745=EDGE_CURVE('',#1398,#1399,#129,.T.);
#1746=EDGE_CURVE('',#1399,#1400,#699,.T.);
#1747=EDGE_CURVE('',#1400,#1397,#130,.T.);
#1748=EDGE_CURVE('',#1401,#1402,#700,.T.);
#1749=EDGE_CURVE('',#1402,#1403,#131,.T.);
#1750=EDGE_CURVE('',#1403,#1404,#701,.T.);
#1751=EDGE_CURVE('',#1404,#1401,#132,.T.);
#1752=EDGE_CURVE('',#1352,#1405,#133,.T.);
#1753=EDGE_CURVE('',#1405,#1343,#702,.T.);
#1754=EDGE_CURVE('',#1405,#1341,#703,.T.);
#1755=EDGE_CURVE('',#1347,#1406,#704,.T.);
#1756=EDGE_CURVE('',#1407,#1406,#705,.T.);
#1757=EDGE_CURVE('',#1408,#1407,#706,.T.);
#1758=EDGE_CURVE('',#1408,#1344,#707,.T.);
#1759=EDGE_CURVE('',#1262,#1261,#708,.T.);
#1760=EDGE_CURVE('',#1351,#1409,#709,.T.);
#1761=EDGE_CURVE('',#1409,#1265,#710,.T.);
#1762=EDGE_CURVE('',#1410,#1411,#711,.T.);
#1763=EDGE_CURVE('',#1412,#1410,#712,.T.);
#1764=EDGE_CURVE('',#1413,#1412,#713,.T.);
#1765=EDGE_CURVE('',#1411,#1413,#714,.T.);
#1766=EDGE_CURVE('',#1414,#1415,#715,.T.);
#1767=EDGE_CURVE('',#1414,#1416,#716,.T.);
#1768=EDGE_CURVE('',#1417,#1416,#717,.T.);
#1769=EDGE_CURVE('',#1415,#1417,#718,.T.);
#1770=EDGE_CURVE('',#1418,#1419,#719,.T.);
#1771=EDGE_CURVE('',#1420,#1418,#720,.T.);
#1772=EDGE_CURVE('',#1421,#1420,#721,.T.);
#1773=EDGE_CURVE('',#1421,#1419,#722,.T.);
#1774=EDGE_CURVE('',#1419,#1410,#723,.T.);
#1775=EDGE_CURVE('',#1412,#1421,#724,.T.);
#1776=EDGE_CURVE('',#1422,#1414,#725,.T.);
#1777=EDGE_CURVE('',#1422,#1423,#726,.T.);
#1778=EDGE_CURVE('',#1416,#1423,#727,.T.);
#1779=EDGE_CURVE('',#1424,#1422,#728,.T.);
#1780=EDGE_CURVE('',#1425,#1424,#729,.T.);
#1781=EDGE_CURVE('',#1423,#1425,#730,.T.);
#1782=EDGE_CURVE('',#1426,#1424,#731,.T.);
#1783=EDGE_CURVE('',#1427,#1426,#732,.T.);
#1784=EDGE_CURVE('',#1428,#1427,#733,.F.);
#1785=EDGE_CURVE('',#1425,#1428,#734,.T.);
#1786=EDGE_CURVE('',#1429,#1417,#735,.T.);
#1787=EDGE_CURVE('',#1430,#1429,#736,.F.);
#1788=EDGE_CURVE('',#1430,#1431,#737,.T.);
#1789=EDGE_CURVE('',#1415,#1431,#738,.T.);
#1790=EDGE_CURVE('',#1432,#1433,#739,.T.);
#1791=EDGE_CURVE('',#1434,#1432,#740,.T.);
#1792=EDGE_CURVE('',#1435,#1434,#741,.T.);
#1793=EDGE_CURVE('',#1433,#1435,#742,.T.);
#1794=EDGE_CURVE('',#1436,#1428,#743,.T.);
#1795=EDGE_CURVE('',#1436,#1418,#744,.T.);
#1796=EDGE_CURVE('',#1411,#1437,#745,.T.);
#1797=EDGE_CURVE('',#1429,#1437,#746,.T.);
#1798=EDGE_CURVE('',#1438,#1436,#747,.F.);
#1799=EDGE_CURVE('',#1438,#1439,#748,.T.);
#1800=EDGE_CURVE('',#1420,#1439,#749,.T.);
#1801=EDGE_CURVE('',#1440,#1413,#750,.T.);
#1802=EDGE_CURVE('',#1441,#1440,#751,.T.);
#1803=EDGE_CURVE('',#1437,#1441,#752,.F.);
#1804=EDGE_CURVE('',#1441,#1430,#753,.T.);
#1805=EDGE_CURVE('',#1431,#1440,#754,.T.);
#1806=EDGE_CURVE('',#1427,#1438,#755,.T.);
#1807=EDGE_CURVE('',#1439,#1426,#756,.T.);
#1808=EDGE_CURVE('',#1442,#1443,#134,.T.);
#1809=EDGE_CURVE('',#1443,#1444,#757,.T.);
#1810=EDGE_CURVE('',#1444,#1445,#135,.T.);
#1811=EDGE_CURVE('',#1445,#1442,#758,.T.);
#1812=EDGE_CURVE('',#1446,#1443,#759,.F.);
#1813=EDGE_CURVE('',#1447,#1446,#760,.T.);
#1814=EDGE_CURVE('',#1447,#1444,#761,.T.);
#1815=EDGE_CURVE('',#1448,#1447,#136,.T.);
#1816=EDGE_CURVE('',#1446,#1449,#137,.T.);
#1817=EDGE_CURVE('',#1449,#1448,#762,.T.);
#1818=EDGE_CURVE('',#1449,#1450,#763,.T.);
#1819=EDGE_CURVE('',#1451,#1450,#764,.F.);
#1820=EDGE_CURVE('',#1448,#1451,#765,.F.);
#1821=EDGE_CURVE('',#1445,#1452,#766,.T.);
#1822=EDGE_CURVE('',#1453,#1452,#767,.F.);
#1823=EDGE_CURVE('',#1453,#1442,#768,.T.);
#1824=EDGE_CURVE('',#1274,#1286,#769,.T.);
#1825=EDGE_CURVE('',#1309,#1453,#770,.T.);
#1826=EDGE_CURVE('',#1452,#1454,#771,.T.);
#1827=EDGE_CURVE('',#1320,#1454,#138,.T.);
#1828=EDGE_CURVE('',#1433,#1323,#139,.T.);
#1829=EDGE_CURVE('',#1455,#1435,#140,.T.);
#1830=EDGE_CURVE('',#1455,#1456,#772,.T.);
#1831=EDGE_CURVE('',#1457,#1456,#141,.T.);
#1832=EDGE_CURVE('',#1457,#1451,#773,.T.);
#1833=EDGE_CURVE('',#1450,#1458,#774,.T.);
#1834=EDGE_CURVE('',#1458,#1459,#775,.T.);
#1835=EDGE_CURVE('',#1460,#1459,#776,.T.);
#1836=EDGE_CURVE('',#1460,#1461,#777,.T.);
#1837=EDGE_CURVE('',#1461,#1462,#778,.T.);
#1838=EDGE_CURVE('',#1462,#1463,#779,.T.);
#1839=EDGE_CURVE('',#1463,#1464,#780,.T.);
#1840=EDGE_CURVE('',#1464,#1465,#781,.T.);
#1841=EDGE_CURVE('',#1465,#1302,#782,.T.);
#1842=EDGE_CURVE('',#1287,#1273,#783,.T.);
#1843=EDGE_CURVE('',#1284,#1278,#784,.T.);
#1844=EDGE_CURVE('',#1279,#1283,#785,.T.);
#1845=EDGE_CURVE('',#1406,#1460,#786,.T.);
#1846=EDGE_CURVE('',#1459,#1407,#787,.T.);
#1847=EDGE_CURVE('',#1461,#1354,#788,.T.);
#1848=EDGE_CURVE('',#1349,#1466,#789,.T.);
#1849=EDGE_CURVE('',#1467,#1466,#790,.F.);
#1850=EDGE_CURVE('',#1350,#1467,#791,.T.);
#1851=EDGE_CURVE('',#1348,#1468,#792,.T.);
#1852=EDGE_CURVE('',#1466,#1468,#142,.F.);
#1853=EDGE_CURVE('',#1256,#1469,#793,.F.);
#1854=EDGE_CURVE('',#1468,#1469,#794,.F.);
#1855=EDGE_CURVE('',#1255,#1254,#143,.T.);
#1856=EDGE_CURVE('',#1469,#1467,#144,.F.);
#1857=EDGE_CURVE('',#1401,#1470,#795,.T.);
#1858=EDGE_CURVE('',#1471,#1470,#796,.F.);
#1859=EDGE_CURVE('',#1402,#1471,#797,.T.);
#1860=EDGE_CURVE('',#1404,#1472,#798,.T.);
#1861=EDGE_CURVE('',#1470,#1472,#145,.F.);
#1862=EDGE_CURVE('',#1403,#1473,#799,.T.);
#1863=EDGE_CURVE('',#1472,#1473,#800,.F.);
#1864=EDGE_CURVE('',#1473,#1471,#146,.F.);
#1865=EDGE_CURVE('',#1397,#1474,#801,.T.);
#1866=EDGE_CURVE('',#1475,#1474,#802,.F.);
#1867=EDGE_CURVE('',#1398,#1475,#803,.T.);
#1868=EDGE_CURVE('',#1400,#1476,#804,.T.);
#1869=EDGE_CURVE('',#1474,#1476,#147,.F.);
#1870=EDGE_CURVE('',#1399,#1477,#805,.T.);
#1871=EDGE_CURVE('',#1476,#1477,#806,.F.);
#1872=EDGE_CURVE('',#1477,#1475,#148,.F.);
#1873=EDGE_CURVE('',#1393,#1478,#807,.T.);
#1874=EDGE_CURVE('',#1479,#1478,#808,.F.);
#1875=EDGE_CURVE('',#1394,#1479,#809,.T.);
#1876=EDGE_CURVE('',#1396,#1480,#810,.T.);
#1877=EDGE_CURVE('',#1478,#1480,#149,.F.);
#1878=EDGE_CURVE('',#1395,#1481,#811,.T.);
#1879=EDGE_CURVE('',#1480,#1481,#812,.F.);
#1880=EDGE_CURVE('',#1481,#1479,#150,.F.);
#1881=EDGE_CURVE('',#1389,#1482,#813,.T.);
#1882=EDGE_CURVE('',#1483,#1482,#814,.F.);
#1883=EDGE_CURVE('',#1390,#1483,#815,.T.);
#1884=EDGE_CURVE('',#1392,#1484,#816,.T.);
#1885=EDGE_CURVE('',#1482,#1484,#151,.F.);
#1886=EDGE_CURVE('',#1391,#1485,#817,.T.);
#1887=EDGE_CURVE('',#1484,#1485,#818,.F.);
#1888=EDGE_CURVE('',#1485,#1483,#152,.F.);
#1889=EDGE_CURVE('',#1385,#1486,#819,.T.);
#1890=EDGE_CURVE('',#1487,#1486,#820,.F.);
#1891=EDGE_CURVE('',#1386,#1487,#821,.T.);
#1892=EDGE_CURVE('',#1388,#1488,#822,.T.);
#1893=EDGE_CURVE('',#1486,#1488,#153,.F.);
#1894=EDGE_CURVE('',#1387,#1489,#823,.T.);
#1895=EDGE_CURVE('',#1488,#1489,#824,.F.);
#1896=EDGE_CURVE('',#1489,#1487,#154,.F.);
#1897=EDGE_CURVE('',#1381,#1490,#825,.T.);
#1898=EDGE_CURVE('',#1491,#1490,#826,.F.);
#1899=EDGE_CURVE('',#1382,#1491,#827,.T.);
#1900=EDGE_CURVE('',#1384,#1492,#828,.T.);
#1901=EDGE_CURVE('',#1490,#1492,#155,.F.);
#1902=EDGE_CURVE('',#1383,#1493,#829,.T.);
#1903=EDGE_CURVE('',#1492,#1493,#830,.F.);
#1904=EDGE_CURVE('',#1493,#1491,#156,.F.);
#1905=EDGE_CURVE('',#1377,#1494,#831,.T.);
#1906=EDGE_CURVE('',#1495,#1494,#832,.F.);
#1907=EDGE_CURVE('',#1378,#1495,#833,.T.);
#1908=EDGE_CURVE('',#1380,#1496,#834,.T.);
#1909=EDGE_CURVE('',#1494,#1496,#157,.F.);
#1910=EDGE_CURVE('',#1379,#1497,#835,.T.);
#1911=EDGE_CURVE('',#1496,#1497,#836,.F.);
#1912=EDGE_CURVE('',#1497,#1495,#158,.F.);
#1913=EDGE_CURVE('',#1373,#1498,#837,.T.);
#1914=EDGE_CURVE('',#1499,#1498,#838,.F.);
#1915=EDGE_CURVE('',#1374,#1499,#839,.T.);
#1916=EDGE_CURVE('',#1376,#1500,#840,.T.);
#1917=EDGE_CURVE('',#1498,#1500,#159,.F.);
#1918=EDGE_CURVE('',#1375,#1501,#841,.T.);
#1919=EDGE_CURVE('',#1500,#1501,#842,.F.);
#1920=EDGE_CURVE('',#1501,#1499,#160,.F.);
#1921=EDGE_CURVE('',#1369,#1502,#843,.T.);
#1922=EDGE_CURVE('',#1503,#1502,#844,.F.);
#1923=EDGE_CURVE('',#1370,#1503,#845,.T.);
#1924=EDGE_CURVE('',#1372,#1504,#846,.T.);
#1925=EDGE_CURVE('',#1502,#1504,#161,.F.);
#1926=EDGE_CURVE('',#1371,#1505,#847,.T.);
#1927=EDGE_CURVE('',#1504,#1505,#848,.F.);
#1928=EDGE_CURVE('',#1505,#1503,#162,.F.);
#1929=EDGE_CURVE('',#1365,#1506,#849,.T.);
#1930=EDGE_CURVE('',#1507,#1506,#850,.F.);
#1931=EDGE_CURVE('',#1366,#1507,#851,.T.);
#1932=EDGE_CURVE('',#1368,#1508,#852,.T.);
#1933=EDGE_CURVE('',#1506,#1508,#163,.F.);
#1934=EDGE_CURVE('',#1367,#1509,#853,.T.);
#1935=EDGE_CURVE('',#1508,#1509,#854,.F.);
#1936=EDGE_CURVE('',#1509,#1507,#164,.F.);
#1937=EDGE_CURVE('',#1361,#1510,#855,.T.);
#1938=EDGE_CURVE('',#1511,#1510,#856,.F.);
#1939=EDGE_CURVE('',#1362,#1511,#857,.T.);
#1940=EDGE_CURVE('',#1364,#1512,#858,.T.);
#1941=EDGE_CURVE('',#1510,#1512,#165,.F.);
#1942=EDGE_CURVE('',#1363,#1513,#859,.T.);
#1943=EDGE_CURVE('',#1512,#1513,#860,.F.);
#1944=EDGE_CURVE('',#1513,#1511,#166,.F.);
#1945=EDGE_CURVE('',#1514,#1515,#861,.T.);
#1946=EDGE_CURVE('',#1515,#1261,#862,.T.);
#1947=EDGE_CURVE('',#1261,#1514,#167,.T.);
#1948=EDGE_CURVE('',#1321,#1516,#168,.T.);
#1949=EDGE_CURVE('',#1516,#1517,#863,.T.);
#1950=EDGE_CURVE('',#1517,#1518,#169,.T.);
#1951=EDGE_CURVE('',#1518,#1519,#864,.T.);
#1952=EDGE_CURVE('',#1519,#1434,#170,.T.);
#1953=EDGE_CURVE('',#1432,#1322,#171,.T.);
#1954=EDGE_CURVE('',#1262,#1520,#865,.T.);
#1955=EDGE_CURVE('',#1520,#1515,#866,.T.);
#1956=EDGE_CURVE('',#1520,#1521,#867,.T.);
#1957=EDGE_CURVE('',#1521,#1514,#868,.T.);
#1958=EDGE_CURVE('',#1521,#1262,#172,.T.);
#1959=EDGE_CURVE('',#1353,#1462,#869,.T.);
#1960=EDGE_CURVE('',#1454,#1516,#870,.T.);
#1961=EDGE_CURVE('',#1519,#1455,#871,.T.);
#1962=EDGE_CURVE('',#1456,#1518,#872,.T.);
#1963=EDGE_CURVE('',#1517,#1457,#873,.T.);
#1964=EDGE_CURVE('',#1522,#1523,#173,.T.);
#1965=EDGE_CURVE('',#1523,#1524,#174,.T.);
#1966=EDGE_CURVE('',#1524,#1524,#175,.T.);
#1967=EDGE_CURVE('',#1523,#1522,#176,.T.);
#1968=EDGE_CURVE('',#1525,#1525,#177,.T.);
#1969=EDGE_CURVE('',#1525,#1522,#874,.T.);
#1970=EDGE_CURVE('',#1526,#1527,#875,.T.);
#1971=EDGE_CURVE('',#1527,#1528,#178,.T.);
#1972=EDGE_CURVE('',#1528,#1304,#876,.T.);
#1973=EDGE_CURVE('',#1526,#1303,#877,.T.);
#1974=EDGE_CURVE('',#1529,#1529,#179,.T.);
#1975=EDGE_CURVE('',#1529,#1525,#180,.T.);
#1976=EDGE_CURVE('',#1357,#1528,#878,.T.);
#1977=EDGE_CURVE('',#1358,#1527,#879,.T.);
#1978=EDGE_CURVE('',#1530,#1408,#880,.T.);
#1979=EDGE_CURVE('',#1355,#1530,#881,.T.);
#1980=EDGE_CURVE('',#1531,#1408,#882,.T.);
#1981=EDGE_CURVE('',#1530,#1531,#883,.T.);
#1982=EDGE_CURVE('',#1531,#1458,#884,.T.);
#1983=EDGE_CURVE('',#1532,#1356,#885,.T.);
#1984=EDGE_CURVE('',#1307,#1532,#886,.T.);
#1985=EDGE_CURVE('',#1308,#1532,#887,.T.);
#1986=EDGE_CURVE('',#1526,#1465,#888,.T.);
#1987=EDGE_CURVE('',#1359,#1464,#889,.T.);
#1988=EDGE_CURVE('',#1360,#1463,#890,.T.);
#1989=EDGE_CURVE('',#1409,#1266,#891,.T.);
#1990=ORIENTED_EDGE('',*,*,#1533,.T.);
#1991=ORIENTED_EDGE('',*,*,#1534,.T.);
#1992=ORIENTED_EDGE('',*,*,#1535,.T.);
#1993=ORIENTED_EDGE('',*,*,#1536,.T.);
#1994=ORIENTED_EDGE('',*,*,#1537,.F.);
#1995=ORIENTED_EDGE('',*,*,#1538,.T.);
#1996=ORIENTED_EDGE('',*,*,#1539,.T.);
#1997=ORIENTED_EDGE('',*,*,#1540,.T.);
#1998=ORIENTED_EDGE('',*,*,#1536,.F.);
#1999=ORIENTED_EDGE('',*,*,#1541,.T.);
#2000=ORIENTED_EDGE('',*,*,#1534,.F.);
#2001=ORIENTED_EDGE('',*,*,#1542,.F.);
#2002=ORIENTED_EDGE('',*,*,#1543,.F.);
#2003=ORIENTED_EDGE('',*,*,#1544,.F.);
#2004=ORIENTED_EDGE('',*,*,#1545,.F.);
#2005=ORIENTED_EDGE('',*,*,#1533,.F.);
#2006=ORIENTED_EDGE('',*,*,#1546,.T.);
#2007=ORIENTED_EDGE('',*,*,#1547,.T.);
#2008=ORIENTED_EDGE('',*,*,#1542,.T.);
#2009=ORIENTED_EDGE('',*,*,#1538,.F.);
#2010=ORIENTED_EDGE('',*,*,#1548,.F.);
#2011=ORIENTED_EDGE('',*,*,#1549,.F.);
#2012=ORIENTED_EDGE('',*,*,#1540,.F.);
#2013=ORIENTED_EDGE('',*,*,#1550,.F.);
#2014=ORIENTED_EDGE('',*,*,#1551,.F.);
#2015=ORIENTED_EDGE('',*,*,#1552,.F.);
#2016=ORIENTED_EDGE('',*,*,#1553,.F.);
#2017=ORIENTED_EDGE('',*,*,#1546,.F.);
#2018=ORIENTED_EDGE('',*,*,#1554,.F.);
#2019=ORIENTED_EDGE('',*,*,#1555,.T.);
#2020=ORIENTED_EDGE('',*,*,#1556,.T.);
#2021=ORIENTED_EDGE('',*,*,#1550,.T.);
#2022=ORIENTED_EDGE('',*,*,#1557,.T.);
#2023=ORIENTED_EDGE('',*,*,#1558,.T.);
#2024=ORIENTED_EDGE('',*,*,#1558,.F.);
#2025=ORIENTED_EDGE('',*,*,#1559,.F.);
#2026=ORIENTED_EDGE('',*,*,#1560,.F.);
#2027=ORIENTED_EDGE('',*,*,#1561,.T.);
#2028=ORIENTED_EDGE('',*,*,#1562,.T.);
#2029=ORIENTED_EDGE('',*,*,#1563,.F.);
#2030=ORIENTED_EDGE('',*,*,#1564,.F.);
#2031=ORIENTED_EDGE('',*,*,#1565,.T.);
#2032=ORIENTED_EDGE('',*,*,#1566,.F.);
#2033=ORIENTED_EDGE('',*,*,#1565,.F.);
#2034=ORIENTED_EDGE('',*,*,#1567,.F.);
#2035=ORIENTED_EDGE('',*,*,#1568,.F.);
#2036=ORIENTED_EDGE('',*,*,#1569,.T.);
#2037=ORIENTED_EDGE('',*,*,#1570,.F.);
#2038=ORIENTED_EDGE('',*,*,#1571,.T.);
#2039=ORIENTED_EDGE('',*,*,#1572,.T.);
#2040=ORIENTED_EDGE('',*,*,#1573,.T.);
#2041=ORIENTED_EDGE('',*,*,#1574,.T.);
#2042=ORIENTED_EDGE('',*,*,#1575,.T.);
#2043=ORIENTED_EDGE('',*,*,#1576,.F.);
#2044=ORIENTED_EDGE('',*,*,#1577,.F.);
#2045=ORIENTED_EDGE('',*,*,#1578,.T.);
#2046=ORIENTED_EDGE('',*,*,#1579,.F.);
#2047=ORIENTED_EDGE('',*,*,#1580,.T.);
#2048=ORIENTED_EDGE('',*,*,#1577,.T.);
#2049=ORIENTED_EDGE('',*,*,#1581,.T.);
#2050=ORIENTED_EDGE('',*,*,#1582,.F.);
#2051=ORIENTED_EDGE('',*,*,#1583,.F.);
#2052=ORIENTED_EDGE('',*,*,#1584,.F.);
#2053=ORIENTED_EDGE('',*,*,#1585,.T.);
#2054=ORIENTED_EDGE('',*,*,#1586,.T.);
#2055=ORIENTED_EDGE('',*,*,#1587,.T.);
#2056=ORIENTED_EDGE('',*,*,#1588,.T.);
#2057=ORIENTED_EDGE('',*,*,#1589,.F.);
#2058=ORIENTED_EDGE('',*,*,#1580,.F.);
#2059=ORIENTED_EDGE('',*,*,#1590,.F.);
#2060=ORIENTED_EDGE('',*,*,#1591,.F.);
#2061=ORIENTED_EDGE('',*,*,#1581,.F.);
#2062=ORIENTED_EDGE('',*,*,#1592,.F.);
#2063=ORIENTED_EDGE('',*,*,#1593,.T.);
#2064=ORIENTED_EDGE('',*,*,#1586,.F.);
#2065=ORIENTED_EDGE('',*,*,#1594,.T.);
#2066=ORIENTED_EDGE('',*,*,#1579,.T.);
#2067=ORIENTED_EDGE('',*,*,#1595,.T.);
#2068=ORIENTED_EDGE('',*,*,#1596,.T.);
#2069=ORIENTED_EDGE('',*,*,#1597,.F.);
#2070=ORIENTED_EDGE('',*,*,#1592,.T.);
#2071=ORIENTED_EDGE('',*,*,#1598,.T.);
#2072=ORIENTED_EDGE('',*,*,#1599,.F.);
#2073=ORIENTED_EDGE('',*,*,#1600,.F.);
#2074=ORIENTED_EDGE('',*,*,#1601,.F.);
#2075=ORIENTED_EDGE('',*,*,#1590,.T.);
#2076=ORIENTED_EDGE('',*,*,#1594,.F.);
#2077=ORIENTED_EDGE('',*,*,#1585,.F.);
#2078=ORIENTED_EDGE('',*,*,#1602,.F.);
#2079=ORIENTED_EDGE('',*,*,#1598,.F.);
#2080=ORIENTED_EDGE('',*,*,#1603,.F.);
#2081=ORIENTED_EDGE('',*,*,#1604,.T.);
#2082=ORIENTED_EDGE('',*,*,#1605,.F.);
#2083=ORIENTED_EDGE('',*,*,#1606,.T.);
#2084=ORIENTED_EDGE('',*,*,#1605,.T.);
#2085=ORIENTED_EDGE('',*,*,#1607,.F.);
#2086=ORIENTED_EDGE('',*,*,#1608,.F.);
#2087=ORIENTED_EDGE('',*,*,#1609,.T.);
#2088=ORIENTED_EDGE('',*,*,#1610,.T.);
#2089=ORIENTED_EDGE('',*,*,#1604,.F.);
#2090=ORIENTED_EDGE('',*,*,#1611,.F.);
#2091=ORIENTED_EDGE('',*,*,#1612,.F.);
#2092=ORIENTED_EDGE('',*,*,#1607,.T.);
#2093=ORIENTED_EDGE('',*,*,#1613,.F.);
#2094=ORIENTED_EDGE('',*,*,#1614,.F.);
#2095=ORIENTED_EDGE('',*,*,#1615,.T.);
#2096=ORIENTED_EDGE('',*,*,#1609,.F.);
#2097=ORIENTED_EDGE('',*,*,#1616,.F.);
#2098=ORIENTED_EDGE('',*,*,#1617,.T.);
#2099=ORIENTED_EDGE('',*,*,#1618,.T.);
#2100=ORIENTED_EDGE('',*,*,#1619,.F.);
#2101=ORIENTED_EDGE('',*,*,#1603,.T.);
#2102=ORIENTED_EDGE('',*,*,#1620,.T.);
#2103=ORIENTED_EDGE('',*,*,#1617,.F.);
#2104=ORIENTED_EDGE('',*,*,#1621,.F.);
#2105=ORIENTED_EDGE('',*,*,#1611,.T.);
#2106=ORIENTED_EDGE('',*,*,#1606,.F.);
#2107=ORIENTED_EDGE('',*,*,#1610,.F.);
#2108=ORIENTED_EDGE('',*,*,#1615,.F.);
#2109=ORIENTED_EDGE('',*,*,#1622,.F.);
#2110=ORIENTED_EDGE('',*,*,#1618,.F.);
#2111=ORIENTED_EDGE('',*,*,#1620,.F.);
#2112=ORIENTED_EDGE('',*,*,#1619,.T.);
#2113=ORIENTED_EDGE('',*,*,#1622,.T.);
#2114=ORIENTED_EDGE('',*,*,#1614,.T.);
#2115=ORIENTED_EDGE('',*,*,#1623,.F.);
#2116=ORIENTED_EDGE('',*,*,#1624,.T.);
#2117=ORIENTED_EDGE('',*,*,#1625,.T.);
#2118=ORIENTED_EDGE('',*,*,#1626,.T.);
#2119=ORIENTED_EDGE('',*,*,#1627,.F.);
#2120=ORIENTED_EDGE('',*,*,#1628,.T.);
#2121=ORIENTED_EDGE('',*,*,#1629,.T.);
#2122=ORIENTED_EDGE('',*,*,#1630,.T.);
#2123=ORIENTED_EDGE('',*,*,#1631,.F.);
#2124=ORIENTED_EDGE('',*,*,#1632,.T.);
#2125=ORIENTED_EDGE('',*,*,#1633,.T.);
#2126=ORIENTED_EDGE('',*,*,#1634,.T.);
#2127=ORIENTED_EDGE('',*,*,#1635,.T.);
#2128=ORIENTED_EDGE('',*,*,#1633,.F.);
#2129=ORIENTED_EDGE('',*,*,#1636,.T.);
#2130=ORIENTED_EDGE('',*,*,#1637,.F.);
#2131=ORIENTED_EDGE('',*,*,#1638,.F.);
#2132=ORIENTED_EDGE('',*,*,#1639,.T.);
#2133=ORIENTED_EDGE('',*,*,#1640,.T.);
#2134=ORIENTED_EDGE('',*,*,#1641,.T.);
#2135=ORIENTED_EDGE('',*,*,#1642,.T.);
#2136=ORIENTED_EDGE('',*,*,#1635,.F.);
#2137=ORIENTED_EDGE('',*,*,#1643,.F.);
#2138=ORIENTED_EDGE('',*,*,#1644,.F.);
#2139=ORIENTED_EDGE('',*,*,#1645,.F.);
#2140=ORIENTED_EDGE('',*,*,#1646,.F.);
#2141=ORIENTED_EDGE('',*,*,#1647,.F.);
#2142=ORIENTED_EDGE('',*,*,#1640,.F.);
#2143=ORIENTED_EDGE('',*,*,#1648,.F.);
#2144=ORIENTED_EDGE('',*,*,#1649,.T.);
#2145=ORIENTED_EDGE('',*,*,#1632,.F.);
#2146=ORIENTED_EDGE('',*,*,#1648,.T.);
#2147=ORIENTED_EDGE('',*,*,#1639,.F.);
#2148=ORIENTED_EDGE('',*,*,#1649,.F.);
#2149=ORIENTED_EDGE('',*,*,#1650,.T.);
#2150=ORIENTED_EDGE('',*,*,#1651,.F.);
#2151=ORIENTED_EDGE('',*,*,#1636,.F.);
#2152=ORIENTED_EDGE('',*,*,#1642,.F.);
#2153=ORIENTED_EDGE('',*,*,#1652,.T.);
#2154=ORIENTED_EDGE('',*,*,#1653,.F.);
#2155=ORIENTED_EDGE('',*,*,#1650,.F.);
#2156=ORIENTED_EDGE('',*,*,#1653,.T.);
#2157=ORIENTED_EDGE('',*,*,#1654,.T.);
#2158=ORIENTED_EDGE('',*,*,#1637,.T.);
#2159=ORIENTED_EDGE('',*,*,#1651,.T.);
#2160=ORIENTED_EDGE('',*,*,#1655,.T.);
#2161=ORIENTED_EDGE('',*,*,#1656,.T.);
#2162=ORIENTED_EDGE('',*,*,#1657,.T.);
#2163=ORIENTED_EDGE('',*,*,#1658,.T.);
#2164=ORIENTED_EDGE('',*,*,#1658,.F.);
#2165=ORIENTED_EDGE('',*,*,#1659,.F.);
#2166=ORIENTED_EDGE('',*,*,#1660,.F.);
#2167=ORIENTED_EDGE('',*,*,#1661,.F.);
#2168=ORIENTED_EDGE('',*,*,#1657,.F.);
#2169=ORIENTED_EDGE('',*,*,#1662,.T.);
#2170=ORIENTED_EDGE('',*,*,#1663,.F.);
#2171=ORIENTED_EDGE('',*,*,#1664,.F.);
#2172=ORIENTED_EDGE('',*,*,#1552,.T.);
#2173=ORIENTED_EDGE('',*,*,#1665,.F.);
#2174=ORIENTED_EDGE('',*,*,#1659,.T.);
#2175=ORIENTED_EDGE('',*,*,#1666,.T.);
#2176=ORIENTED_EDGE('',*,*,#1667,.T.);
#2177=ORIENTED_EDGE('',*,*,#1668,.T.);
#2178=ORIENTED_EDGE('',*,*,#1544,.T.);
#2179=ORIENTED_EDGE('',*,*,#1667,.F.);
#2180=ORIENTED_EDGE('',*,*,#1669,.F.);
#2181=ORIENTED_EDGE('',*,*,#1670,.F.);
#2182=ORIENTED_EDGE('',*,*,#1671,.F.);
#2183=ORIENTED_EDGE('',*,*,#1666,.F.);
#2184=ORIENTED_EDGE('',*,*,#1543,.T.);
#2185=ORIENTED_EDGE('',*,*,#1547,.F.);
#2186=ORIENTED_EDGE('',*,*,#1553,.T.);
#2187=ORIENTED_EDGE('',*,*,#1672,.F.);
#2188=ORIENTED_EDGE('',*,*,#1673,.F.);
#2189=ORIENTED_EDGE('',*,*,#1669,.T.);
#2190=ORIENTED_EDGE('',*,*,#1556,.F.);
#2191=ORIENTED_EDGE('',*,*,#1674,.T.);
#2192=ORIENTED_EDGE('',*,*,#1660,.T.);
#2193=ORIENTED_EDGE('',*,*,#1665,.T.);
#2194=ORIENTED_EDGE('',*,*,#1551,.T.);
#2195=ORIENTED_EDGE('',*,*,#1656,.F.);
#2196=ORIENTED_EDGE('',*,*,#1675,.F.);
#2197=ORIENTED_EDGE('',*,*,#1676,.F.);
#2198=ORIENTED_EDGE('',*,*,#1677,.F.);
#2199=ORIENTED_EDGE('',*,*,#1678,.T.);
#2200=ORIENTED_EDGE('',*,*,#1572,.F.);
#2201=ORIENTED_EDGE('',*,*,#1679,.F.);
#2202=ORIENTED_EDGE('',*,*,#1662,.F.);
#2203=ORIENTED_EDGE('',*,*,#1555,.F.);
#2204=ORIENTED_EDGE('',*,*,#1680,.F.);
#2205=ORIENTED_EDGE('',*,*,#1675,.T.);
#2206=ORIENTED_EDGE('',*,*,#1655,.F.);
#2207=ORIENTED_EDGE('',*,*,#1661,.T.);
#2208=ORIENTED_EDGE('',*,*,#1674,.F.);
#2209=ORIENTED_EDGE('',*,*,#1535,.F.);
#2210=ORIENTED_EDGE('',*,*,#1545,.T.);
#2211=ORIENTED_EDGE('',*,*,#1668,.F.);
#2212=ORIENTED_EDGE('',*,*,#1671,.T.);
#2213=ORIENTED_EDGE('',*,*,#1681,.F.);
#2214=ORIENTED_EDGE('',*,*,#1541,.F.);
#2215=ORIENTED_EDGE('',*,*,#1680,.T.);
#2216=ORIENTED_EDGE('',*,*,#1554,.T.);
#2217=ORIENTED_EDGE('',*,*,#1560,.T.);
#2218=ORIENTED_EDGE('',*,*,#1682,.F.);
#2219=ORIENTED_EDGE('',*,*,#1683,.F.);
#2220=ORIENTED_EDGE('',*,*,#1684,.T.);
#2221=ORIENTED_EDGE('',*,*,#1676,.T.);
#2222=ORIENTED_EDGE('',*,*,#1685,.T.);
#2223=ORIENTED_EDGE('',*,*,#1686,.T.);
#2224=ORIENTED_EDGE('',*,*,#1687,.T.);
#2225=ORIENTED_EDGE('',*,*,#1688,.T.);
#2226=ORIENTED_EDGE('',*,*,#1672,.T.);
#2227=ORIENTED_EDGE('',*,*,#1664,.T.);
#2228=ORIENTED_EDGE('',*,*,#1689,.T.);
#2229=ORIENTED_EDGE('',*,*,#1568,.T.);
#2230=ORIENTED_EDGE('',*,*,#1690,.T.);
#2231=ORIENTED_EDGE('',*,*,#1691,.T.);
#2232=ORIENTED_EDGE('',*,*,#1692,.T.);
#2233=ORIENTED_EDGE('',*,*,#1693,.T.);
#2234=ORIENTED_EDGE('',*,*,#1576,.T.);
#2235=ORIENTED_EDGE('',*,*,#1694,.T.);
#2236=ORIENTED_EDGE('',*,*,#1695,.T.);
#2237=ORIENTED_EDGE('',*,*,#1696,.F.);
#2238=ORIENTED_EDGE('',*,*,#1682,.T.);
#2239=ORIENTED_EDGE('',*,*,#1559,.T.);
#2240=ORIENTED_EDGE('',*,*,#1557,.F.);
#2241=ORIENTED_EDGE('',*,*,#1539,.F.);
#2242=ORIENTED_EDGE('',*,*,#1549,.T.);
#2243=ORIENTED_EDGE('',*,*,#1697,.T.);
#2244=ORIENTED_EDGE('',*,*,#1698,.T.);
#2245=ORIENTED_EDGE('',*,*,#1699,.T.);
#2246=ORIENTED_EDGE('',*,*,#1686,.F.);
#2247=ORIENTED_EDGE('',*,*,#1700,.T.);
#2248=ORIENTED_EDGE('',*,*,#1701,.T.);
#2249=ORIENTED_EDGE('',*,*,#1702,.T.);
#2250=ORIENTED_EDGE('',*,*,#1627,.T.);
#2251=ORIENTED_EDGE('',*,*,#1703,.T.);
#2252=ORIENTED_EDGE('',*,*,#1704,.T.);
#2253=ORIENTED_EDGE('',*,*,#1705,.T.);
#2254=ORIENTED_EDGE('',*,*,#1706,.T.);
#2255=ORIENTED_EDGE('',*,*,#1707,.T.);
#2256=ORIENTED_EDGE('',*,*,#1708,.T.);
#2257=ORIENTED_EDGE('',*,*,#1709,.T.);
#2258=ORIENTED_EDGE('',*,*,#1710,.T.);
#2259=ORIENTED_EDGE('',*,*,#1711,.T.);
#2260=ORIENTED_EDGE('',*,*,#1712,.T.);
#2261=ORIENTED_EDGE('',*,*,#1713,.T.);
#2262=ORIENTED_EDGE('',*,*,#1714,.T.);
#2263=ORIENTED_EDGE('',*,*,#1715,.T.);
#2264=ORIENTED_EDGE('',*,*,#1716,.T.);
#2265=ORIENTED_EDGE('',*,*,#1717,.T.);
#2266=ORIENTED_EDGE('',*,*,#1718,.T.);
#2267=ORIENTED_EDGE('',*,*,#1719,.T.);
#2268=ORIENTED_EDGE('',*,*,#1720,.T.);
#2269=ORIENTED_EDGE('',*,*,#1721,.T.);
#2270=ORIENTED_EDGE('',*,*,#1722,.T.);
#2271=ORIENTED_EDGE('',*,*,#1723,.T.);
#2272=ORIENTED_EDGE('',*,*,#1724,.T.);
#2273=ORIENTED_EDGE('',*,*,#1725,.T.);
#2274=ORIENTED_EDGE('',*,*,#1726,.T.);
#2275=ORIENTED_EDGE('',*,*,#1727,.T.);
#2276=ORIENTED_EDGE('',*,*,#1728,.T.);
#2277=ORIENTED_EDGE('',*,*,#1729,.T.);
#2278=ORIENTED_EDGE('',*,*,#1730,.T.);
#2279=ORIENTED_EDGE('',*,*,#1731,.T.);
#2280=ORIENTED_EDGE('',*,*,#1732,.T.);
#2281=ORIENTED_EDGE('',*,*,#1733,.T.);
#2282=ORIENTED_EDGE('',*,*,#1734,.T.);
#2283=ORIENTED_EDGE('',*,*,#1735,.T.);
#2284=ORIENTED_EDGE('',*,*,#1736,.T.);
#2285=ORIENTED_EDGE('',*,*,#1737,.T.);
#2286=ORIENTED_EDGE('',*,*,#1738,.T.);
#2287=ORIENTED_EDGE('',*,*,#1739,.T.);
#2288=ORIENTED_EDGE('',*,*,#1740,.T.);
#2289=ORIENTED_EDGE('',*,*,#1741,.T.);
#2290=ORIENTED_EDGE('',*,*,#1742,.T.);
#2291=ORIENTED_EDGE('',*,*,#1743,.T.);
#2292=ORIENTED_EDGE('',*,*,#1744,.T.);
#2293=ORIENTED_EDGE('',*,*,#1745,.T.);
#2294=ORIENTED_EDGE('',*,*,#1746,.T.);
#2295=ORIENTED_EDGE('',*,*,#1747,.T.);
#2296=ORIENTED_EDGE('',*,*,#1748,.T.);
#2297=ORIENTED_EDGE('',*,*,#1749,.T.);
#2298=ORIENTED_EDGE('',*,*,#1750,.T.);
#2299=ORIENTED_EDGE('',*,*,#1751,.T.);
#2300=ORIENTED_EDGE('',*,*,#1752,.T.);
#2301=ORIENTED_EDGE('',*,*,#1753,.T.);
#2302=ORIENTED_EDGE('',*,*,#1683,.T.);
#2303=ORIENTED_EDGE('',*,*,#1696,.T.);
#2304=ORIENTED_EDGE('',*,*,#1753,.F.);
#2305=ORIENTED_EDGE('',*,*,#1754,.T.);
#2306=ORIENTED_EDGE('',*,*,#1677,.T.);
#2307=ORIENTED_EDGE('',*,*,#1684,.F.);
#2308=ORIENTED_EDGE('',*,*,#1688,.F.);
#2309=ORIENTED_EDGE('',*,*,#1755,.T.);
#2310=ORIENTED_EDGE('',*,*,#1756,.F.);
#2311=ORIENTED_EDGE('',*,*,#1757,.F.);
#2312=ORIENTED_EDGE('',*,*,#1758,.T.);
#2313=ORIENTED_EDGE('',*,*,#1663,.T.);
#2314=ORIENTED_EDGE('',*,*,#1679,.T.);
#2315=ORIENTED_EDGE('',*,*,#1571,.F.);
#2316=ORIENTED_EDGE('',*,*,#1759,.T.);
#2317=ORIENTED_EDGE('',*,*,#1569,.F.);
#2318=ORIENTED_EDGE('',*,*,#1689,.F.);
#2319=ORIENTED_EDGE('',*,*,#1695,.F.);
#2320=ORIENTED_EDGE('',*,*,#1760,.T.);
#2321=ORIENTED_EDGE('',*,*,#1761,.T.);
#2322=ORIENTED_EDGE('',*,*,#1573,.F.);
#2323=ORIENTED_EDGE('',*,*,#1678,.F.);
#2324=ORIENTED_EDGE('',*,*,#1754,.F.);
#2325=ORIENTED_EDGE('',*,*,#1752,.F.);
#2326=ORIENTED_EDGE('',*,*,#1762,.F.);
#2327=ORIENTED_EDGE('',*,*,#1763,.F.);
#2328=ORIENTED_EDGE('',*,*,#1764,.F.);
#2329=ORIENTED_EDGE('',*,*,#1765,.F.);
#2330=ORIENTED_EDGE('',*,*,#1766,.F.);
#2331=ORIENTED_EDGE('',*,*,#1767,.T.);
#2332=ORIENTED_EDGE('',*,*,#1768,.F.);
#2333=ORIENTED_EDGE('',*,*,#1769,.F.);
#2334=ORIENTED_EDGE('',*,*,#1770,.F.);
#2335=ORIENTED_EDGE('',*,*,#1771,.F.);
#2336=ORIENTED_EDGE('',*,*,#1772,.F.);
#2337=ORIENTED_EDGE('',*,*,#1773,.T.);
#2338=ORIENTED_EDGE('',*,*,#1774,.F.);
#2339=ORIENTED_EDGE('',*,*,#1773,.F.);
#2340=ORIENTED_EDGE('',*,*,#1775,.F.);
#2341=ORIENTED_EDGE('',*,*,#1763,.T.);
#2342=ORIENTED_EDGE('',*,*,#1776,.F.);
#2343=ORIENTED_EDGE('',*,*,#1777,.T.);
#2344=ORIENTED_EDGE('',*,*,#1778,.F.);
#2345=ORIENTED_EDGE('',*,*,#1767,.F.);
#2346=ORIENTED_EDGE('',*,*,#1779,.F.);
#2347=ORIENTED_EDGE('',*,*,#1780,.F.);
#2348=ORIENTED_EDGE('',*,*,#1781,.F.);
#2349=ORIENTED_EDGE('',*,*,#1777,.F.);
#2350=ORIENTED_EDGE('',*,*,#1780,.T.);
#2351=ORIENTED_EDGE('',*,*,#1782,.F.);
#2352=ORIENTED_EDGE('',*,*,#1783,.F.);
#2353=ORIENTED_EDGE('',*,*,#1784,.F.);
#2354=ORIENTED_EDGE('',*,*,#1785,.F.);
#2355=ORIENTED_EDGE('',*,*,#1769,.T.);
#2356=ORIENTED_EDGE('',*,*,#1786,.F.);
#2357=ORIENTED_EDGE('',*,*,#1787,.F.);
#2358=ORIENTED_EDGE('',*,*,#1788,.T.);
#2359=ORIENTED_EDGE('',*,*,#1789,.F.);
#2360=ORIENTED_EDGE('',*,*,#1790,.F.);
#2361=ORIENTED_EDGE('',*,*,#1791,.F.);
#2362=ORIENTED_EDGE('',*,*,#1792,.F.);
#2363=ORIENTED_EDGE('',*,*,#1793,.F.);
#2364=ORIENTED_EDGE('',*,*,#1768,.T.);
#2365=ORIENTED_EDGE('',*,*,#1778,.T.);
#2366=ORIENTED_EDGE('',*,*,#1781,.T.);
#2367=ORIENTED_EDGE('',*,*,#1785,.T.);
#2368=ORIENTED_EDGE('',*,*,#1794,.F.);
#2369=ORIENTED_EDGE('',*,*,#1795,.T.);
#2370=ORIENTED_EDGE('',*,*,#1770,.T.);
#2371=ORIENTED_EDGE('',*,*,#1774,.T.);
#2372=ORIENTED_EDGE('',*,*,#1762,.T.);
#2373=ORIENTED_EDGE('',*,*,#1796,.T.);
#2374=ORIENTED_EDGE('',*,*,#1797,.F.);
#2375=ORIENTED_EDGE('',*,*,#1786,.T.);
#2376=ORIENTED_EDGE('',*,*,#1771,.T.);
#2377=ORIENTED_EDGE('',*,*,#1795,.F.);
#2378=ORIENTED_EDGE('',*,*,#1798,.F.);
#2379=ORIENTED_EDGE('',*,*,#1799,.T.);
#2380=ORIENTED_EDGE('',*,*,#1800,.F.);
#2381=ORIENTED_EDGE('',*,*,#1765,.T.);
#2382=ORIENTED_EDGE('',*,*,#1801,.F.);
#2383=ORIENTED_EDGE('',*,*,#1802,.F.);
#2384=ORIENTED_EDGE('',*,*,#1803,.F.);
#2385=ORIENTED_EDGE('',*,*,#1796,.F.);
#2386=ORIENTED_EDGE('',*,*,#1803,.T.);
#2387=ORIENTED_EDGE('',*,*,#1804,.T.);
#2388=ORIENTED_EDGE('',*,*,#1787,.T.);
#2389=ORIENTED_EDGE('',*,*,#1797,.T.);
#2390=ORIENTED_EDGE('',*,*,#1804,.F.);
#2391=ORIENTED_EDGE('',*,*,#1802,.T.);
#2392=ORIENTED_EDGE('',*,*,#1805,.F.);
#2393=ORIENTED_EDGE('',*,*,#1788,.F.);
#2394=ORIENTED_EDGE('',*,*,#1784,.T.);
#2395=ORIENTED_EDGE('',*,*,#1806,.T.);
#2396=ORIENTED_EDGE('',*,*,#1798,.T.);
#2397=ORIENTED_EDGE('',*,*,#1794,.T.);
#2398=ORIENTED_EDGE('',*,*,#1806,.F.);
#2399=ORIENTED_EDGE('',*,*,#1783,.T.);
#2400=ORIENTED_EDGE('',*,*,#1807,.F.);
#2401=ORIENTED_EDGE('',*,*,#1799,.F.);
#2402=ORIENTED_EDGE('',*,*,#1808,.T.);
#2403=ORIENTED_EDGE('',*,*,#1809,.T.);
#2404=ORIENTED_EDGE('',*,*,#1810,.T.);
#2405=ORIENTED_EDGE('',*,*,#1811,.T.);
#2406=ORIENTED_EDGE('',*,*,#1809,.F.);
#2407=ORIENTED_EDGE('',*,*,#1812,.F.);
#2408=ORIENTED_EDGE('',*,*,#1813,.F.);
#2409=ORIENTED_EDGE('',*,*,#1814,.T.);
#2410=ORIENTED_EDGE('',*,*,#1815,.T.);
#2411=ORIENTED_EDGE('',*,*,#1813,.T.);
#2412=ORIENTED_EDGE('',*,*,#1816,.T.);
#2413=ORIENTED_EDGE('',*,*,#1817,.T.);
#2414=ORIENTED_EDGE('',*,*,#1817,.F.);
#2415=ORIENTED_EDGE('',*,*,#1818,.T.);
#2416=ORIENTED_EDGE('',*,*,#1819,.F.);
#2417=ORIENTED_EDGE('',*,*,#1820,.F.);
#2418=ORIENTED_EDGE('',*,*,#1811,.F.);
#2419=ORIENTED_EDGE('',*,*,#1821,.T.);
#2420=ORIENTED_EDGE('',*,*,#1822,.F.);
#2421=ORIENTED_EDGE('',*,*,#1823,.T.);
#2422=ORIENTED_EDGE('',*,*,#1584,.T.);
#2423=ORIENTED_EDGE('',*,*,#1824,.T.);
#2424=ORIENTED_EDGE('',*,*,#1599,.T.);
#2425=ORIENTED_EDGE('',*,*,#1602,.T.);
#2426=ORIENTED_EDGE('',*,*,#1616,.T.);
#2427=ORIENTED_EDGE('',*,*,#1631,.T.);
#2428=ORIENTED_EDGE('',*,*,#1825,.T.);
#2429=ORIENTED_EDGE('',*,*,#1822,.T.);
#2430=ORIENTED_EDGE('',*,*,#1826,.T.);
#2431=ORIENTED_EDGE('',*,*,#1827,.F.);
#2432=ORIENTED_EDGE('',*,*,#1643,.T.);
#2433=ORIENTED_EDGE('',*,*,#1634,.F.);
#2434=ORIENTED_EDGE('',*,*,#1638,.T.);
#2435=ORIENTED_EDGE('',*,*,#1654,.F.);
#2436=ORIENTED_EDGE('',*,*,#1652,.F.);
#2437=ORIENTED_EDGE('',*,*,#1641,.F.);
#2438=ORIENTED_EDGE('',*,*,#1647,.T.);
#2439=ORIENTED_EDGE('',*,*,#1828,.F.);
#2440=ORIENTED_EDGE('',*,*,#1793,.T.);
#2441=ORIENTED_EDGE('',*,*,#1829,.F.);
#2442=ORIENTED_EDGE('',*,*,#1830,.T.);
#2443=ORIENTED_EDGE('',*,*,#1831,.F.);
#2444=ORIENTED_EDGE('',*,*,#1832,.T.);
#2445=ORIENTED_EDGE('',*,*,#1819,.T.);
#2446=ORIENTED_EDGE('',*,*,#1833,.T.);
#2447=ORIENTED_EDGE('',*,*,#1834,.T.);
#2448=ORIENTED_EDGE('',*,*,#1835,.F.);
#2449=ORIENTED_EDGE('',*,*,#1836,.T.);
#2450=ORIENTED_EDGE('',*,*,#1837,.T.);
#2451=ORIENTED_EDGE('',*,*,#1838,.T.);
#2452=ORIENTED_EDGE('',*,*,#1839,.T.);
#2453=ORIENTED_EDGE('',*,*,#1840,.T.);
#2454=ORIENTED_EDGE('',*,*,#1841,.T.);
#2455=ORIENTED_EDGE('',*,*,#1623,.T.);
#2456=ORIENTED_EDGE('',*,*,#1613,.T.);
#2457=ORIENTED_EDGE('',*,*,#1608,.T.);
#2458=ORIENTED_EDGE('',*,*,#1612,.T.);
#2459=ORIENTED_EDGE('',*,*,#1621,.T.);
#2460=ORIENTED_EDGE('',*,*,#1600,.T.);
#2461=ORIENTED_EDGE('',*,*,#1824,.F.);
#2462=ORIENTED_EDGE('',*,*,#1583,.T.);
#2463=ORIENTED_EDGE('',*,*,#1842,.F.);
#2464=ORIENTED_EDGE('',*,*,#1601,.T.);
#2465=ORIENTED_EDGE('',*,*,#1842,.T.);
#2466=ORIENTED_EDGE('',*,*,#1582,.T.);
#2467=ORIENTED_EDGE('',*,*,#1591,.T.);
#2468=ORIENTED_EDGE('',*,*,#1593,.F.);
#2469=ORIENTED_EDGE('',*,*,#1597,.T.);
#2470=ORIENTED_EDGE('',*,*,#1843,.T.);
#2471=ORIENTED_EDGE('',*,*,#1587,.F.);
#2472=ORIENTED_EDGE('',*,*,#1578,.F.);
#2473=ORIENTED_EDGE('',*,*,#1589,.T.);
#2474=ORIENTED_EDGE('',*,*,#1844,.T.);
#2475=ORIENTED_EDGE('',*,*,#1595,.F.);
#2476=ORIENTED_EDGE('',*,*,#1844,.F.);
#2477=ORIENTED_EDGE('',*,*,#1588,.F.);
#2478=ORIENTED_EDGE('',*,*,#1843,.F.);
#2479=ORIENTED_EDGE('',*,*,#1596,.F.);
#2480=ORIENTED_EDGE('',*,*,#1845,.T.);
#2481=ORIENTED_EDGE('',*,*,#1835,.T.);
#2482=ORIENTED_EDGE('',*,*,#1846,.T.);
#2483=ORIENTED_EDGE('',*,*,#1756,.T.);
#2484=ORIENTED_EDGE('',*,*,#1699,.F.);
#2485=ORIENTED_EDGE('',*,*,#1847,.F.);
#2486=ORIENTED_EDGE('',*,*,#1836,.F.);
#2487=ORIENTED_EDGE('',*,*,#1845,.F.);
#2488=ORIENTED_EDGE('',*,*,#1755,.F.);
#2489=ORIENTED_EDGE('',*,*,#1687,.F.);
#2490=ORIENTED_EDGE('',*,*,#1692,.F.);
#2491=ORIENTED_EDGE('',*,*,#1848,.T.);
#2492=ORIENTED_EDGE('',*,*,#1849,.F.);
#2493=ORIENTED_EDGE('',*,*,#1850,.F.);
#2494=ORIENTED_EDGE('',*,*,#1691,.F.);
#2495=ORIENTED_EDGE('',*,*,#1851,.T.);
#2496=ORIENTED_EDGE('',*,*,#1852,.F.);
#2497=ORIENTED_EDGE('',*,*,#1848,.F.);
#2498=ORIENTED_EDGE('',*,*,#1853,.T.);
#2499=ORIENTED_EDGE('',*,*,#1854,.F.);
#2500=ORIENTED_EDGE('',*,*,#1851,.F.);
#2501=ORIENTED_EDGE('',*,*,#1690,.F.);
#2502=ORIENTED_EDGE('',*,*,#1567,.T.);
#2503=ORIENTED_EDGE('',*,*,#1564,.T.);
#2504=ORIENTED_EDGE('',*,*,#1855,.T.);
#2505=ORIENTED_EDGE('',*,*,#1561,.F.);
#2506=ORIENTED_EDGE('',*,*,#1566,.T.);
#2507=ORIENTED_EDGE('',*,*,#1693,.F.);
#2508=ORIENTED_EDGE('',*,*,#1850,.T.);
#2509=ORIENTED_EDGE('',*,*,#1856,.F.);
#2510=ORIENTED_EDGE('',*,*,#1853,.F.);
#2511=ORIENTED_EDGE('',*,*,#1563,.T.);
#2512=ORIENTED_EDGE('',*,*,#1562,.F.);
#2513=ORIENTED_EDGE('',*,*,#1855,.F.);
#2514=ORIENTED_EDGE('',*,*,#1748,.F.);
#2515=ORIENTED_EDGE('',*,*,#1857,.T.);
#2516=ORIENTED_EDGE('',*,*,#1858,.F.);
#2517=ORIENTED_EDGE('',*,*,#1859,.F.);
#2518=ORIENTED_EDGE('',*,*,#1751,.F.);
#2519=ORIENTED_EDGE('',*,*,#1860,.T.);
#2520=ORIENTED_EDGE('',*,*,#1861,.F.);
#2521=ORIENTED_EDGE('',*,*,#1857,.F.);
#2522=ORIENTED_EDGE('',*,*,#1750,.F.);
#2523=ORIENTED_EDGE('',*,*,#1862,.T.);
#2524=ORIENTED_EDGE('',*,*,#1863,.F.);
#2525=ORIENTED_EDGE('',*,*,#1860,.F.);
#2526=ORIENTED_EDGE('',*,*,#1749,.F.);
#2527=ORIENTED_EDGE('',*,*,#1859,.T.);
#2528=ORIENTED_EDGE('',*,*,#1864,.F.);
#2529=ORIENTED_EDGE('',*,*,#1862,.F.);
#2530=ORIENTED_EDGE('',*,*,#1744,.F.);
#2531=ORIENTED_EDGE('',*,*,#1865,.T.);
#2532=ORIENTED_EDGE('',*,*,#1866,.F.);
#2533=ORIENTED_EDGE('',*,*,#1867,.F.);
#2534=ORIENTED_EDGE('',*,*,#1747,.F.);
#2535=ORIENTED_EDGE('',*,*,#1868,.T.);
#2536=ORIENTED_EDGE('',*,*,#1869,.F.);
#2537=ORIENTED_EDGE('',*,*,#1865,.F.);
#2538=ORIENTED_EDGE('',*,*,#1746,.F.);
#2539=ORIENTED_EDGE('',*,*,#1870,.T.);
#2540=ORIENTED_EDGE('',*,*,#1871,.F.);
#2541=ORIENTED_EDGE('',*,*,#1868,.F.);
#2542=ORIENTED_EDGE('',*,*,#1745,.F.);
#2543=ORIENTED_EDGE('',*,*,#1867,.T.);
#2544=ORIENTED_EDGE('',*,*,#1872,.F.);
#2545=ORIENTED_EDGE('',*,*,#1870,.F.);
#2546=ORIENTED_EDGE('',*,*,#1740,.F.);
#2547=ORIENTED_EDGE('',*,*,#1873,.T.);
#2548=ORIENTED_EDGE('',*,*,#1874,.F.);
#2549=ORIENTED_EDGE('',*,*,#1875,.F.);
#2550=ORIENTED_EDGE('',*,*,#1743,.F.);
#2551=ORIENTED_EDGE('',*,*,#1876,.T.);
#2552=ORIENTED_EDGE('',*,*,#1877,.F.);
#2553=ORIENTED_EDGE('',*,*,#1873,.F.);
#2554=ORIENTED_EDGE('',*,*,#1742,.F.);
#2555=ORIENTED_EDGE('',*,*,#1878,.T.);
#2556=ORIENTED_EDGE('',*,*,#1879,.F.);
#2557=ORIENTED_EDGE('',*,*,#1876,.F.);
#2558=ORIENTED_EDGE('',*,*,#1741,.F.);
#2559=ORIENTED_EDGE('',*,*,#1875,.T.);
#2560=ORIENTED_EDGE('',*,*,#1880,.F.);
#2561=ORIENTED_EDGE('',*,*,#1878,.F.);
#2562=ORIENTED_EDGE('',*,*,#1736,.F.);
#2563=ORIENTED_EDGE('',*,*,#1881,.T.);
#2564=ORIENTED_EDGE('',*,*,#1882,.F.);
#2565=ORIENTED_EDGE('',*,*,#1883,.F.);
#2566=ORIENTED_EDGE('',*,*,#1739,.F.);
#2567=ORIENTED_EDGE('',*,*,#1884,.T.);
#2568=ORIENTED_EDGE('',*,*,#1885,.F.);
#2569=ORIENTED_EDGE('',*,*,#1881,.F.);
#2570=ORIENTED_EDGE('',*,*,#1738,.F.);
#2571=ORIENTED_EDGE('',*,*,#1886,.T.);
#2572=ORIENTED_EDGE('',*,*,#1887,.F.);
#2573=ORIENTED_EDGE('',*,*,#1884,.F.);
#2574=ORIENTED_EDGE('',*,*,#1737,.F.);
#2575=ORIENTED_EDGE('',*,*,#1883,.T.);
#2576=ORIENTED_EDGE('',*,*,#1888,.F.);
#2577=ORIENTED_EDGE('',*,*,#1886,.F.);
#2578=ORIENTED_EDGE('',*,*,#1732,.F.);
#2579=ORIENTED_EDGE('',*,*,#1889,.T.);
#2580=ORIENTED_EDGE('',*,*,#1890,.F.);
#2581=ORIENTED_EDGE('',*,*,#1891,.F.);
#2582=ORIENTED_EDGE('',*,*,#1735,.F.);
#2583=ORIENTED_EDGE('',*,*,#1892,.T.);
#2584=ORIENTED_EDGE('',*,*,#1893,.F.);
#2585=ORIENTED_EDGE('',*,*,#1889,.F.);
#2586=ORIENTED_EDGE('',*,*,#1734,.F.);
#2587=ORIENTED_EDGE('',*,*,#1894,.T.);
#2588=ORIENTED_EDGE('',*,*,#1895,.F.);
#2589=ORIENTED_EDGE('',*,*,#1892,.F.);
#2590=ORIENTED_EDGE('',*,*,#1733,.F.);
#2591=ORIENTED_EDGE('',*,*,#1891,.T.);
#2592=ORIENTED_EDGE('',*,*,#1896,.F.);
#2593=ORIENTED_EDGE('',*,*,#1894,.F.);
#2594=ORIENTED_EDGE('',*,*,#1728,.F.);
#2595=ORIENTED_EDGE('',*,*,#1897,.T.);
#2596=ORIENTED_EDGE('',*,*,#1898,.F.);
#2597=ORIENTED_EDGE('',*,*,#1899,.F.);
#2598=ORIENTED_EDGE('',*,*,#1731,.F.);
#2599=ORIENTED_EDGE('',*,*,#1900,.T.);
#2600=ORIENTED_EDGE('',*,*,#1901,.F.);
#2601=ORIENTED_EDGE('',*,*,#1897,.F.);
#2602=ORIENTED_EDGE('',*,*,#1730,.F.);
#2603=ORIENTED_EDGE('',*,*,#1902,.T.);
#2604=ORIENTED_EDGE('',*,*,#1903,.F.);
#2605=ORIENTED_EDGE('',*,*,#1900,.F.);
#2606=ORIENTED_EDGE('',*,*,#1729,.F.);
#2607=ORIENTED_EDGE('',*,*,#1899,.T.);
#2608=ORIENTED_EDGE('',*,*,#1904,.F.);
#2609=ORIENTED_EDGE('',*,*,#1902,.F.);
#2610=ORIENTED_EDGE('',*,*,#1724,.F.);
#2611=ORIENTED_EDGE('',*,*,#1905,.T.);
#2612=ORIENTED_EDGE('',*,*,#1906,.F.);
#2613=ORIENTED_EDGE('',*,*,#1907,.F.);
#2614=ORIENTED_EDGE('',*,*,#1727,.F.);
#2615=ORIENTED_EDGE('',*,*,#1908,.T.);
#2616=ORIENTED_EDGE('',*,*,#1909,.F.);
#2617=ORIENTED_EDGE('',*,*,#1905,.F.);
#2618=ORIENTED_EDGE('',*,*,#1726,.F.);
#2619=ORIENTED_EDGE('',*,*,#1910,.T.);
#2620=ORIENTED_EDGE('',*,*,#1911,.F.);
#2621=ORIENTED_EDGE('',*,*,#1908,.F.);
#2622=ORIENTED_EDGE('',*,*,#1725,.F.);
#2623=ORIENTED_EDGE('',*,*,#1907,.T.);
#2624=ORIENTED_EDGE('',*,*,#1912,.F.);
#2625=ORIENTED_EDGE('',*,*,#1910,.F.);
#2626=ORIENTED_EDGE('',*,*,#1720,.F.);
#2627=ORIENTED_EDGE('',*,*,#1913,.T.);
#2628=ORIENTED_EDGE('',*,*,#1914,.F.);
#2629=ORIENTED_EDGE('',*,*,#1915,.F.);
#2630=ORIENTED_EDGE('',*,*,#1723,.F.);
#2631=ORIENTED_EDGE('',*,*,#1916,.T.);
#2632=ORIENTED_EDGE('',*,*,#1917,.F.);
#2633=ORIENTED_EDGE('',*,*,#1913,.F.);
#2634=ORIENTED_EDGE('',*,*,#1722,.F.);
#2635=ORIENTED_EDGE('',*,*,#1918,.T.);
#2636=ORIENTED_EDGE('',*,*,#1919,.F.);
#2637=ORIENTED_EDGE('',*,*,#1916,.F.);
#2638=ORIENTED_EDGE('',*,*,#1721,.F.);
#2639=ORIENTED_EDGE('',*,*,#1915,.T.);
#2640=ORIENTED_EDGE('',*,*,#1920,.F.);
#2641=ORIENTED_EDGE('',*,*,#1918,.F.);
#2642=ORIENTED_EDGE('',*,*,#1716,.F.);
#2643=ORIENTED_EDGE('',*,*,#1921,.T.);
#2644=ORIENTED_EDGE('',*,*,#1922,.F.);
#2645=ORIENTED_EDGE('',*,*,#1923,.F.);
#2646=ORIENTED_EDGE('',*,*,#1719,.F.);
#2647=ORIENTED_EDGE('',*,*,#1924,.T.);
#2648=ORIENTED_EDGE('',*,*,#1925,.F.);
#2649=ORIENTED_EDGE('',*,*,#1921,.F.);
#2650=ORIENTED_EDGE('',*,*,#1718,.F.);
#2651=ORIENTED_EDGE('',*,*,#1926,.T.);
#2652=ORIENTED_EDGE('',*,*,#1927,.F.);
#2653=ORIENTED_EDGE('',*,*,#1924,.F.);
#2654=ORIENTED_EDGE('',*,*,#1717,.F.);
#2655=ORIENTED_EDGE('',*,*,#1923,.T.);
#2656=ORIENTED_EDGE('',*,*,#1928,.F.);
#2657=ORIENTED_EDGE('',*,*,#1926,.F.);
#2658=ORIENTED_EDGE('',*,*,#1712,.F.);
#2659=ORIENTED_EDGE('',*,*,#1929,.T.);
#2660=ORIENTED_EDGE('',*,*,#1930,.F.);
#2661=ORIENTED_EDGE('',*,*,#1931,.F.);
#2662=ORIENTED_EDGE('',*,*,#1715,.F.);
#2663=ORIENTED_EDGE('',*,*,#1932,.T.);
#2664=ORIENTED_EDGE('',*,*,#1933,.F.);
#2665=ORIENTED_EDGE('',*,*,#1929,.F.);
#2666=ORIENTED_EDGE('',*,*,#1714,.F.);
#2667=ORIENTED_EDGE('',*,*,#1934,.T.);
#2668=ORIENTED_EDGE('',*,*,#1935,.F.);
#2669=ORIENTED_EDGE('',*,*,#1932,.F.);
#2670=ORIENTED_EDGE('',*,*,#1713,.F.);
#2671=ORIENTED_EDGE('',*,*,#1931,.T.);
#2672=ORIENTED_EDGE('',*,*,#1936,.F.);
#2673=ORIENTED_EDGE('',*,*,#1934,.F.);
#2674=ORIENTED_EDGE('',*,*,#1708,.F.);
#2675=ORIENTED_EDGE('',*,*,#1937,.T.);
#2676=ORIENTED_EDGE('',*,*,#1938,.F.);
#2677=ORIENTED_EDGE('',*,*,#1939,.F.);
#2678=ORIENTED_EDGE('',*,*,#1711,.F.);
#2679=ORIENTED_EDGE('',*,*,#1940,.T.);
#2680=ORIENTED_EDGE('',*,*,#1941,.F.);
#2681=ORIENTED_EDGE('',*,*,#1937,.F.);
#2682=ORIENTED_EDGE('',*,*,#1710,.F.);
#2683=ORIENTED_EDGE('',*,*,#1942,.T.);
#2684=ORIENTED_EDGE('',*,*,#1943,.F.);
#2685=ORIENTED_EDGE('',*,*,#1940,.F.);
#2686=ORIENTED_EDGE('',*,*,#1709,.F.);
#2687=ORIENTED_EDGE('',*,*,#1939,.T.);
#2688=ORIENTED_EDGE('',*,*,#1944,.F.);
#2689=ORIENTED_EDGE('',*,*,#1942,.F.);
#2690=ORIENTED_EDGE('',*,*,#1945,.T.);
#2691=ORIENTED_EDGE('',*,*,#1946,.T.);
#2692=ORIENTED_EDGE('',*,*,#1947,.T.);
#2693=ORIENTED_EDGE('',*,*,#1948,.T.);
#2694=ORIENTED_EDGE('',*,*,#1949,.T.);
#2695=ORIENTED_EDGE('',*,*,#1950,.T.);
#2696=ORIENTED_EDGE('',*,*,#1951,.T.);
#2697=ORIENTED_EDGE('',*,*,#1952,.T.);
#2698=ORIENTED_EDGE('',*,*,#1791,.T.);
#2699=ORIENTED_EDGE('',*,*,#1953,.T.);
#2700=ORIENTED_EDGE('',*,*,#1645,.T.);
#2701=ORIENTED_EDGE('',*,*,#1938,.T.);
#2702=ORIENTED_EDGE('',*,*,#1941,.T.);
#2703=ORIENTED_EDGE('',*,*,#1943,.T.);
#2704=ORIENTED_EDGE('',*,*,#1944,.T.);
#2705=ORIENTED_EDGE('',*,*,#1930,.T.);
#2706=ORIENTED_EDGE('',*,*,#1933,.T.);
#2707=ORIENTED_EDGE('',*,*,#1935,.T.);
#2708=ORIENTED_EDGE('',*,*,#1936,.T.);
#2709=ORIENTED_EDGE('',*,*,#1922,.T.);
#2710=ORIENTED_EDGE('',*,*,#1925,.T.);
#2711=ORIENTED_EDGE('',*,*,#1927,.T.);
#2712=ORIENTED_EDGE('',*,*,#1928,.T.);
#2713=ORIENTED_EDGE('',*,*,#1914,.T.);
#2714=ORIENTED_EDGE('',*,*,#1917,.T.);
#2715=ORIENTED_EDGE('',*,*,#1919,.T.);
#2716=ORIENTED_EDGE('',*,*,#1920,.T.);
#2717=ORIENTED_EDGE('',*,*,#1906,.T.);
#2718=ORIENTED_EDGE('',*,*,#1909,.T.);
#2719=ORIENTED_EDGE('',*,*,#1911,.T.);
#2720=ORIENTED_EDGE('',*,*,#1912,.T.);
#2721=ORIENTED_EDGE('',*,*,#1898,.T.);
#2722=ORIENTED_EDGE('',*,*,#1901,.T.);
#2723=ORIENTED_EDGE('',*,*,#1903,.T.);
#2724=ORIENTED_EDGE('',*,*,#1904,.T.);
#2725=ORIENTED_EDGE('',*,*,#1890,.T.);
#2726=ORIENTED_EDGE('',*,*,#1893,.T.);
#2727=ORIENTED_EDGE('',*,*,#1895,.T.);
#2728=ORIENTED_EDGE('',*,*,#1896,.T.);
#2729=ORIENTED_EDGE('',*,*,#1882,.T.);
#2730=ORIENTED_EDGE('',*,*,#1885,.T.);
#2731=ORIENTED_EDGE('',*,*,#1887,.T.);
#2732=ORIENTED_EDGE('',*,*,#1888,.T.);
#2733=ORIENTED_EDGE('',*,*,#1874,.T.);
#2734=ORIENTED_EDGE('',*,*,#1877,.T.);
#2735=ORIENTED_EDGE('',*,*,#1879,.T.);
#2736=ORIENTED_EDGE('',*,*,#1880,.T.);
#2737=ORIENTED_EDGE('',*,*,#1866,.T.);
#2738=ORIENTED_EDGE('',*,*,#1869,.T.);
#2739=ORIENTED_EDGE('',*,*,#1871,.T.);
#2740=ORIENTED_EDGE('',*,*,#1872,.T.);
#2741=ORIENTED_EDGE('',*,*,#1858,.T.);
#2742=ORIENTED_EDGE('',*,*,#1861,.T.);
#2743=ORIENTED_EDGE('',*,*,#1863,.T.);
#2744=ORIENTED_EDGE('',*,*,#1864,.T.);
#2745=ORIENTED_EDGE('',*,*,#1849,.T.);
#2746=ORIENTED_EDGE('',*,*,#1852,.T.);
#2747=ORIENTED_EDGE('',*,*,#1854,.T.);
#2748=ORIENTED_EDGE('',*,*,#1856,.T.);
#2749=ORIENTED_EDGE('',*,*,#1954,.F.);
#2750=ORIENTED_EDGE('',*,*,#1570,.T.);
#2751=ORIENTED_EDGE('',*,*,#1946,.F.);
#2752=ORIENTED_EDGE('',*,*,#1955,.F.);
#2753=ORIENTED_EDGE('',*,*,#1956,.F.);
#2754=ORIENTED_EDGE('',*,*,#1955,.T.);
#2755=ORIENTED_EDGE('',*,*,#1945,.F.);
#2756=ORIENTED_EDGE('',*,*,#1957,.F.);
#2757=ORIENTED_EDGE('',*,*,#1958,.F.);
#2758=ORIENTED_EDGE('',*,*,#1957,.T.);
#2759=ORIENTED_EDGE('',*,*,#1947,.F.);
#2760=ORIENTED_EDGE('',*,*,#1759,.F.);
#2761=ORIENTED_EDGE('',*,*,#1847,.T.);
#2762=ORIENTED_EDGE('',*,*,#1698,.F.);
#2763=ORIENTED_EDGE('',*,*,#1959,.T.);
#2764=ORIENTED_EDGE('',*,*,#1837,.F.);
#2765=ORIENTED_EDGE('',*,*,#1827,.T.);
#2766=ORIENTED_EDGE('',*,*,#1960,.T.);
#2767=ORIENTED_EDGE('',*,*,#1948,.F.);
#2768=ORIENTED_EDGE('',*,*,#1644,.T.);
#2769=ORIENTED_EDGE('',*,*,#1828,.T.);
#2770=ORIENTED_EDGE('',*,*,#1646,.T.);
#2771=ORIENTED_EDGE('',*,*,#1953,.F.);
#2772=ORIENTED_EDGE('',*,*,#1790,.T.);
#2773=ORIENTED_EDGE('',*,*,#1829,.T.);
#2774=ORIENTED_EDGE('',*,*,#1792,.T.);
#2775=ORIENTED_EDGE('',*,*,#1952,.F.);
#2776=ORIENTED_EDGE('',*,*,#1961,.T.);
#2777=ORIENTED_EDGE('',*,*,#1961,.F.);
#2778=ORIENTED_EDGE('',*,*,#1951,.F.);
#2779=ORIENTED_EDGE('',*,*,#1962,.F.);
#2780=ORIENTED_EDGE('',*,*,#1830,.F.);
#2781=ORIENTED_EDGE('',*,*,#1831,.T.);
#2782=ORIENTED_EDGE('',*,*,#1962,.T.);
#2783=ORIENTED_EDGE('',*,*,#1950,.F.);
#2784=ORIENTED_EDGE('',*,*,#1963,.T.);
#2785=ORIENTED_EDGE('',*,*,#1820,.T.);
#2786=ORIENTED_EDGE('',*,*,#1832,.F.);
#2787=ORIENTED_EDGE('',*,*,#1963,.F.);
#2788=ORIENTED_EDGE('',*,*,#1949,.F.);
#2789=ORIENTED_EDGE('',*,*,#1960,.F.);
#2790=ORIENTED_EDGE('',*,*,#1826,.F.);
#2791=ORIENTED_EDGE('',*,*,#1821,.F.);
#2792=ORIENTED_EDGE('',*,*,#1810,.F.);
#2793=ORIENTED_EDGE('',*,*,#1814,.F.);
#2794=ORIENTED_EDGE('',*,*,#1815,.F.);
#2795=ORIENTED_EDGE('',*,*,#1964,.T.);
#2796=ORIENTED_EDGE('',*,*,#1965,.T.);
#2797=ORIENTED_EDGE('',*,*,#1966,.T.);
#2798=ORIENTED_EDGE('',*,*,#1965,.F.);
#2799=ORIENTED_EDGE('',*,*,#1967,.T.);
#2800=ORIENTED_EDGE('',*,*,#1968,.F.);
#2801=ORIENTED_EDGE('',*,*,#1969,.T.);
#2802=ORIENTED_EDGE('',*,*,#1967,.F.);
#2803=ORIENTED_EDGE('',*,*,#1964,.F.);
#2804=ORIENTED_EDGE('',*,*,#1969,.F.);
#2805=ORIENTED_EDGE('',*,*,#1970,.T.);
#2806=ORIENTED_EDGE('',*,*,#1971,.T.);
#2807=ORIENTED_EDGE('',*,*,#1972,.T.);
#2808=ORIENTED_EDGE('',*,*,#1625,.F.);
#2809=ORIENTED_EDGE('',*,*,#1973,.F.);
#2810=ORIENTED_EDGE('',*,*,#1966,.F.);
#2811=ORIENTED_EDGE('',*,*,#1974,.T.);
#2812=ORIENTED_EDGE('',*,*,#1975,.T.);
#2813=ORIENTED_EDGE('',*,*,#1968,.T.);
#2814=ORIENTED_EDGE('',*,*,#1975,.F.);
#2815=ORIENTED_EDGE('',*,*,#1974,.F.);
#2816=ORIENTED_EDGE('',*,*,#1626,.F.);
#2817=ORIENTED_EDGE('',*,*,#1972,.F.);
#2818=ORIENTED_EDGE('',*,*,#1976,.F.);
#2819=ORIENTED_EDGE('',*,*,#1703,.F.);
#2820=ORIENTED_EDGE('',*,*,#1976,.T.);
#2821=ORIENTED_EDGE('',*,*,#1971,.F.);
#2822=ORIENTED_EDGE('',*,*,#1977,.F.);
#2823=ORIENTED_EDGE('',*,*,#1704,.F.);
#2824=ORIENTED_EDGE('',*,*,#1758,.F.);
#2825=ORIENTED_EDGE('',*,*,#1978,.F.);
#2826=ORIENTED_EDGE('',*,*,#1979,.F.);
#2827=ORIENTED_EDGE('',*,*,#1700,.F.);
#2828=ORIENTED_EDGE('',*,*,#1685,.F.);
#2829=ORIENTED_EDGE('',*,*,#1978,.T.);
#2830=ORIENTED_EDGE('',*,*,#1980,.F.);
#2831=ORIENTED_EDGE('',*,*,#1981,.F.);
#2832=ORIENTED_EDGE('',*,*,#1846,.F.);
#2833=ORIENTED_EDGE('',*,*,#1834,.F.);
#2834=ORIENTED_EDGE('',*,*,#1982,.F.);
#2835=ORIENTED_EDGE('',*,*,#1980,.T.);
#2836=ORIENTED_EDGE('',*,*,#1757,.T.);
#2837=ORIENTED_EDGE('',*,*,#1983,.F.);
#2838=ORIENTED_EDGE('',*,*,#1984,.F.);
#2839=ORIENTED_EDGE('',*,*,#1628,.F.);
#2840=ORIENTED_EDGE('',*,*,#1702,.F.);
#2841=ORIENTED_EDGE('',*,*,#1985,.F.);
#2842=ORIENTED_EDGE('',*,*,#1629,.F.);
#2843=ORIENTED_EDGE('',*,*,#1984,.T.);
#2844=ORIENTED_EDGE('',*,*,#1977,.T.);
#2845=ORIENTED_EDGE('',*,*,#1970,.F.);
#2846=ORIENTED_EDGE('',*,*,#1986,.T.);
#2847=ORIENTED_EDGE('',*,*,#1840,.F.);
#2848=ORIENTED_EDGE('',*,*,#1987,.F.);
#2849=ORIENTED_EDGE('',*,*,#1705,.F.);
#2850=ORIENTED_EDGE('',*,*,#1973,.T.);
#2851=ORIENTED_EDGE('',*,*,#1624,.F.);
#2852=ORIENTED_EDGE('',*,*,#1841,.F.);
#2853=ORIENTED_EDGE('',*,*,#1986,.F.);
#2854=ORIENTED_EDGE('',*,*,#1823,.F.);
#2855=ORIENTED_EDGE('',*,*,#1825,.F.);
#2856=ORIENTED_EDGE('',*,*,#1630,.F.);
#2857=ORIENTED_EDGE('',*,*,#1985,.T.);
#2858=ORIENTED_EDGE('',*,*,#1983,.T.);
#2859=ORIENTED_EDGE('',*,*,#1701,.F.);
#2860=ORIENTED_EDGE('',*,*,#1979,.T.);
#2861=ORIENTED_EDGE('',*,*,#1981,.T.);
#2862=ORIENTED_EDGE('',*,*,#1982,.T.);
#2863=ORIENTED_EDGE('',*,*,#1833,.F.);
#2864=ORIENTED_EDGE('',*,*,#1818,.F.);
#2865=ORIENTED_EDGE('',*,*,#1816,.F.);
#2866=ORIENTED_EDGE('',*,*,#1812,.T.);
#2867=ORIENTED_EDGE('',*,*,#1808,.F.);
#2868=ORIENTED_EDGE('',*,*,#1987,.T.);
#2869=ORIENTED_EDGE('',*,*,#1839,.F.);
#2870=ORIENTED_EDGE('',*,*,#1988,.F.);
#2871=ORIENTED_EDGE('',*,*,#1706,.F.);
#2872=ORIENTED_EDGE('',*,*,#1766,.T.);
#2873=ORIENTED_EDGE('',*,*,#1789,.T.);
#2874=ORIENTED_EDGE('',*,*,#1805,.T.);
#2875=ORIENTED_EDGE('',*,*,#1801,.T.);
#2876=ORIENTED_EDGE('',*,*,#1764,.T.);
#2877=ORIENTED_EDGE('',*,*,#1775,.T.);
#2878=ORIENTED_EDGE('',*,*,#1772,.T.);
#2879=ORIENTED_EDGE('',*,*,#1800,.T.);
#2880=ORIENTED_EDGE('',*,*,#1807,.T.);
#2881=ORIENTED_EDGE('',*,*,#1782,.T.);
#2882=ORIENTED_EDGE('',*,*,#1779,.T.);
#2883=ORIENTED_EDGE('',*,*,#1776,.T.);
#2884=ORIENTED_EDGE('',*,*,#1673,.T.);
#2885=ORIENTED_EDGE('',*,*,#1707,.F.);
#2886=ORIENTED_EDGE('',*,*,#1988,.T.);
#2887=ORIENTED_EDGE('',*,*,#1838,.F.);
#2888=ORIENTED_EDGE('',*,*,#1959,.F.);
#2889=ORIENTED_EDGE('',*,*,#1697,.F.);
#2890=ORIENTED_EDGE('',*,*,#1548,.T.);
#2891=ORIENTED_EDGE('',*,*,#1537,.T.);
#2892=ORIENTED_EDGE('',*,*,#1681,.T.);
#2893=ORIENTED_EDGE('',*,*,#1670,.T.);
#2894=ORIENTED_EDGE('',*,*,#1575,.F.);
#2895=ORIENTED_EDGE('',*,*,#1989,.F.);
#2896=ORIENTED_EDGE('',*,*,#1760,.F.);
#2897=ORIENTED_EDGE('',*,*,#1694,.F.);
#2898=ORIENTED_EDGE('',*,*,#1761,.F.);
#2899=ORIENTED_EDGE('',*,*,#1989,.T.);
#2900=ORIENTED_EDGE('',*,*,#1574,.F.);
#2901=ORIENTED_EDGE('',*,*,#1954,.T.);
#2902=ORIENTED_EDGE('',*,*,#1956,.T.);
#2903=ORIENTED_EDGE('',*,*,#1958,.T.);
#2904=PLANE('',#3176);
#2905=PLANE('',#3181);
#2906=PLANE('',#3182);
#2907=PLANE('',#3183);
#2908=PLANE('',#3191);
#2909=PLANE('',#3200);
#2910=PLANE('',#3201);
#2911=PLANE('',#3206);
#2912=PLANE('',#3207);
#2913=PLANE('',#3210);
#2914=PLANE('',#3211);
#2915=PLANE('',#3212);
#2916=PLANE('',#3213);
#2917=PLANE('',#3214);
#2918=PLANE('',#3215);
#2919=PLANE('',#3216);
#2920=PLANE('',#3217);
#2921=PLANE('',#3218);
#2922=PLANE('',#3219);
#2923=PLANE('',#3220);
#2924=PLANE('',#3221);
#2925=PLANE('',#3222);
#2926=PLANE('',#3223);
#2927=PLANE('',#3224);
#2928=PLANE('',#3225);
#2929=PLANE('',#3226);
#2930=PLANE('',#3227);
#2931=PLANE('',#3228);
#2932=PLANE('',#3229);
#2933=PLANE('',#3230);
#2934=PLANE('',#3231);
#2935=PLANE('',#3232);
#2936=PLANE('',#3237);
#2937=PLANE('',#3265);
#2938=PLANE('',#3266);
#2939=PLANE('',#3267);
#2940=PLANE('',#3268);
#2941=PLANE('',#3269);
#2942=PLANE('',#3270);
#2943=PLANE('',#3271);
#2944=PLANE('',#3272);
#2945=PLANE('',#3273);
#2946=PLANE('',#3274);
#2947=PLANE('',#3275);
#2948=PLANE('',#3276);
#2949=PLANE('',#3277);
#2950=PLANE('',#3278);
#2951=PLANE('',#3279);
#2952=PLANE('',#3280);
#2953=PLANE('',#3281);
#2954=PLANE('',#3282);
#2955=PLANE('',#3283);
#2956=PLANE('',#3287);
#2957=PLANE('',#3291);
#2958=PLANE('',#3292);
#2959=PLANE('',#3293);
#2960=PLANE('',#3294);
#2961=PLANE('',#3299);
#2962=PLANE('',#3300);
#2963=PLANE('',#3301);
#2964=PLANE('',#3302);
#2965=PLANE('',#3303);
#2966=PLANE('',#3304);
#2967=PLANE('',#3305);
#2968=PLANE('',#3308);
#2969=PLANE('',#3312);
#2970=PLANE('',#3313);
#2971=PLANE('',#3316);
#2972=PLANE('',#3319);
#2973=PLANE('',#3322);
#2974=PLANE('',#3325);
#2975=PLANE('',#3328);
#2976=PLANE('',#3331);
#2977=PLANE('',#3334);
#2978=PLANE('',#3337);
#2979=PLANE('',#3340);
#2980=PLANE('',#3343);
#2981=PLANE('',#3346);
#2982=PLANE('',#3349);
#2983=PLANE('',#3352);
#2984=PLANE('',#3355);
#2985=PLANE('',#3358);
#2986=PLANE('',#3361);
#2987=PLANE('',#3364);
#2988=PLANE('',#3367);
#2989=PLANE('',#3370);
#2990=PLANE('',#3373);
#2991=PLANE('',#3376);
#2992=PLANE('',#3379);
#2993=PLANE('',#3381);
#2994=PLANE('',#3386);
#2995=PLANE('',#3387);
#2996=PLANE('',#3390);
#2997=PLANE('',#3394);
#2998=PLANE('',#3396);
#2999=PLANE('',#3404);
#3000=PLANE('',#3409);
#3001=PLANE('',#3410);
#3002=PLANE('',#3412);
#3003=PLANE('',#3413);
#3004=PLANE('',#3414);
#3005=PLANE('',#3415);
#3006=PLANE('',#3416);
#3007=PLANE('',#3417);
#3008=PLANE('',#3418);
#3009=PLANE('',#3419);
#3010=PLANE('',#3420);
#3011=PLANE('',#3421);
#3012=PLANE('',#3422);
#3013=PLANE('',#3423);
#3014=PLANE('',#3424);
#3015=ADVANCED_FACE('',(#190),#2904,.T.);
#3016=ADVANCED_FACE('',(#191),#187,.F.);
#3017=ADVANCED_FACE('',(#192),#2905,.F.);
#3018=ADVANCED_FACE('',(#193),#2906,.T.);
#3019=ADVANCED_FACE('',(#194),#2907,.T.);
#3020=ADVANCED_FACE('',(#195),#49,.F.);
#3021=ADVANCED_FACE('',(#196),#188,.F.);
#3022=ADVANCED_FACE('',(#197),#2908,.T.);
#3023=ADVANCED_FACE('',(#198),#189,.T.);
#3024=ADVANCED_FACE('',(#199),#50,.T.);
#3025=ADVANCED_FACE('',(#200),#2909,.T.);
#3026=ADVANCED_FACE('',(#201),#2910,.F.);
#3027=ADVANCED_FACE('',(#202),#51,.T.);
#3028=ADVANCED_FACE('',(#203),#2911,.T.);
#3029=ADVANCED_FACE('',(#204),#2912,.F.);
#3030=ADVANCED_FACE('',(#205),#52,.T.);
#3031=ADVANCED_FACE('',(#206),#2913,.T.);
#3032=ADVANCED_FACE('',(#207),#45,.F.);
#3033=ADVANCED_FACE('',(#208),#2914,.F.);
#3034=ADVANCED_FACE('',(#209),#2915,.F.);
#3035=ADVANCED_FACE('',(#210),#2916,.F.);
#3036=ADVANCED_FACE('',(#211),#46,.F.);
#3037=ADVANCED_FACE('',(#212),#2917,.T.);
#3038=ADVANCED_FACE('',(#213),#2918,.T.);
#3039=ADVANCED_FACE('',(#214),#47,.T.);
#3040=ADVANCED_FACE('',(#215),#2919,.T.);
#3041=ADVANCED_FACE('',(#216),#48,.T.);
#3042=ADVANCED_FACE('',(#217),#2920,.T.);
#3043=ADVANCED_FACE('',(#218),#2921,.T.);
#3044=ADVANCED_FACE('',(#219),#2922,.T.);
#3045=ADVANCED_FACE('',(#220),#2923,.T.);
#3046=ADVANCED_FACE('',(#221),#2924,.T.);
#3047=ADVANCED_FACE('',(#222),#2925,.T.);
#3048=ADVANCED_FACE('',(#223),#2926,.F.);
#3049=ADVANCED_FACE('',(#224),#2927,.T.);
#3050=ADVANCED_FACE('',(#225),#2928,.T.);
#3051=ADVANCED_FACE('',(#226),#2929,.T.);
#3052=ADVANCED_FACE('',(#227),#2930,.T.);
#3053=ADVANCED_FACE('',(#228),#2931,.T.);
#3054=ADVANCED_FACE('',(#229),#2932,.T.);
#3055=ADVANCED_FACE('',(#230),#2933,.T.);
#3056=ADVANCED_FACE('',(#231),#2934,.T.);
#3057=ADVANCED_FACE('',(#232),#2935,.T.);
#3058=ADVANCED_FACE('',(#233),#53,.F.);
#3059=ADVANCED_FACE('',(#234,#17,#18,#19,#20,#21,#22,#23,#24,#25,#26,#27),
#2936,.F.);
#3060=ADVANCED_FACE('',(#235),#54,.F.);
#3061=ADVANCED_FACE('',(#236),#2937,.T.);
#3062=ADVANCED_FACE('',(#237),#2938,.T.);
#3063=ADVANCED_FACE('',(#238),#2939,.T.);
#3064=ADVANCED_FACE('',(#239),#2940,.T.);
#3065=ADVANCED_FACE('',(#240),#2941,.F.);
#3066=ADVANCED_FACE('',(#241),#2942,.F.);
#3067=ADVANCED_FACE('',(#242),#2943,.F.);
#3068=ADVANCED_FACE('',(#243),#2944,.F.);
#3069=ADVANCED_FACE('',(#244),#2945,.F.);
#3070=ADVANCED_FACE('',(#245),#2946,.F.);
#3071=ADVANCED_FACE('',(#246),#2947,.F.);
#3072=ADVANCED_FACE('',(#247),#2948,.F.);
#3073=ADVANCED_FACE('',(#248,#28),#2949,.T.);
#3074=ADVANCED_FACE('',(#249),#2950,.F.);
#3075=ADVANCED_FACE('',(#250),#2951,.F.);
#3076=ADVANCED_FACE('',(#251),#2952,.T.);
#3077=ADVANCED_FACE('',(#252),#2953,.F.);
#3078=ADVANCED_FACE('',(#253),#2954,.T.);
#3079=ADVANCED_FACE('',(#254),#2955,.F.);
#3080=ADVANCED_FACE('',(#255),#55,.F.);
#3081=ADVANCED_FACE('',(#256),#2956,.T.);
#3082=ADVANCED_FACE('',(#257),#56,.F.);
#3083=ADVANCED_FACE('',(#258),#2957,.T.);
#3084=ADVANCED_FACE('',(#259),#2958,.T.);
#3085=ADVANCED_FACE('',(#260),#2959,.T.);
#3086=ADVANCED_FACE('',(#261,#29),#2960,.T.);
#3087=ADVANCED_FACE('',(#262),#2961,.T.);
#3088=ADVANCED_FACE('',(#263),#2962,.F.);
#3089=ADVANCED_FACE('',(#264),#2963,.F.);
#3090=ADVANCED_FACE('',(#265),#2964,.F.);
#3091=ADVANCED_FACE('',(#266),#2965,.T.);
#3092=ADVANCED_FACE('',(#267),#2966,.T.);
#3093=ADVANCED_FACE('',(#268),#2967,.F.);
#3094=ADVANCED_FACE('',(#269),#57,.F.);
#3095=ADVANCED_FACE('',(#270),#2968,.F.);
#3096=ADVANCED_FACE('',(#271),#58,.F.);
#3097=ADVANCED_FACE('',(#272),#2969,.F.);
#3098=ADVANCED_FACE('',(#273),#2970,.F.);
#3099=ADVANCED_FACE('',(#274),#59,.F.);
#3100=ADVANCED_FACE('',(#275),#2971,.F.);
#3101=ADVANCED_FACE('',(#276),#60,.F.);
#3102=ADVANCED_FACE('',(#277),#2972,.F.);
#3103=ADVANCED_FACE('',(#278),#61,.F.);
#3104=ADVANCED_FACE('',(#279),#2973,.F.);
#3105=ADVANCED_FACE('',(#280),#62,.F.);
#3106=ADVANCED_FACE('',(#281),#2974,.F.);
#3107=ADVANCED_FACE('',(#282),#63,.F.);
#3108=ADVANCED_FACE('',(#283),#2975,.F.);
#3109=ADVANCED_FACE('',(#284),#64,.F.);
#3110=ADVANCED_FACE('',(#285),#2976,.F.);
#3111=ADVANCED_FACE('',(#286),#65,.F.);
#3112=ADVANCED_FACE('',(#287),#2977,.F.);
#3113=ADVANCED_FACE('',(#288),#66,.F.);
#3114=ADVANCED_FACE('',(#289),#2978,.F.);
#3115=ADVANCED_FACE('',(#290),#67,.F.);
#3116=ADVANCED_FACE('',(#291),#2979,.F.);
#3117=ADVANCED_FACE('',(#292),#68,.F.);
#3118=ADVANCED_FACE('',(#293),#2980,.F.);
#3119=ADVANCED_FACE('',(#294),#69,.F.);
#3120=ADVANCED_FACE('',(#295),#2981,.F.);
#3121=ADVANCED_FACE('',(#296),#70,.F.);
#3122=ADVANCED_FACE('',(#297),#2982,.F.);
#3123=ADVANCED_FACE('',(#298),#71,.F.);
#3124=ADVANCED_FACE('',(#299),#2983,.F.);
#3125=ADVANCED_FACE('',(#300),#72,.F.);
#3126=ADVANCED_FACE('',(#301),#2984,.F.);
#3127=ADVANCED_FACE('',(#302),#73,.F.);
#3128=ADVANCED_FACE('',(#303),#2985,.F.);
#3129=ADVANCED_FACE('',(#304),#74,.F.);
#3130=ADVANCED_FACE('',(#305),#2986,.F.);
#3131=ADVANCED_FACE('',(#306),#75,.F.);
#3132=ADVANCED_FACE('',(#307),#2987,.F.);
#3133=ADVANCED_FACE('',(#308),#76,.F.);
#3134=ADVANCED_FACE('',(#309),#2988,.F.);
#3135=ADVANCED_FACE('',(#310),#77,.F.);
#3136=ADVANCED_FACE('',(#311),#2989,.F.);
#3137=ADVANCED_FACE('',(#312),#78,.F.);
#3138=ADVANCED_FACE('',(#313),#2990,.F.);
#3139=ADVANCED_FACE('',(#314),#79,.F.);
#3140=ADVANCED_FACE('',(#315),#2991,.F.);
#3141=ADVANCED_FACE('',(#316),#80,.F.);
#3142=ADVANCED_FACE('',(#317),#2992,.F.);
#3143=ADVANCED_FACE('',(#318,#30,#31,#32,#33,#34,#35,#36,#37,#38,#39,#40,
#41),#2993,.T.);
#3144=ADVANCED_FACE('',(#319),#2994,.T.);
#3145=ADVANCED_FACE('',(#320),#2995,.T.);
#3146=ADVANCED_FACE('',(#321),#81,.F.);
#3147=ADVANCED_FACE('',(#322),#2996,.T.);
#3148=ADVANCED_FACE('',(#323),#82,.T.);
#3149=ADVANCED_FACE('',(#324),#83,.T.);
#3150=ADVANCED_FACE('',(#325),#84,.T.);
#3151=ADVANCED_FACE('',(#326),#2997,.T.);
#3152=ADVANCED_FACE('',(#327),#85,.T.);
#3153=ADVANCED_FACE('',(#328),#2998,.T.);
#3154=ADVANCED_FACE('',(#329),#15,.F.);
#3155=ADVANCED_FACE('',(#330),#86,.T.);
#3156=ADVANCED_FACE('',(#331,#42),#2999,.T.);
#3157=ADVANCED_FACE('',(#332),#16,.T.);
#3158=ADVANCED_FACE('',(#333),#3000,.T.);
#3159=ADVANCED_FACE('',(#334),#3001,.T.);
#3160=ADVANCED_FACE('',(#335),#87,.T.);
#3161=ADVANCED_FACE('',(#336),#3002,.T.);
#3162=ADVANCED_FACE('',(#337),#3003,.T.);
#3163=ADVANCED_FACE('',(#338),#3004,.T.);
#3164=ADVANCED_FACE('',(#339),#3005,.T.);
#3165=ADVANCED_FACE('',(#340),#3006,.T.);
#3166=ADVANCED_FACE('',(#341),#3007,.T.);
#3167=ADVANCED_FACE('',(#342),#3008,.T.);
#3168=ADVANCED_FACE('',(#343),#3009,.T.);
#3169=ADVANCED_FACE('',(#344,#43),#3010,.T.);
#3170=ADVANCED_FACE('',(#345),#3011,.T.);
#3171=ADVANCED_FACE('',(#346),#3012,.T.);
#3172=ADVANCED_FACE('',(#347),#3013,.T.);
#3173=ADVANCED_FACE('',(#348),#3014,.F.);
#3174=CLOSED_SHELL('',(#3015,#3016,#3017,#3018,#3019,#3020,#3021,#3022,
#3023,#3024,#3025,#3026,#3027,#3028,#3029,#3030,#3031,#3032,#3033,#3034,
#3035,#3036,#3037,#3038,#3039,#3040,#3041,#3042,#3043,#3044,#3045,#3046,
#3047,#3048,#3049,#3050,#3051,#3052,#3053,#3054,#3055,#3056,#3057,#3058,
#3059,#3060,#3061,#3062,#3063,#3064,#3065,#3066,#3067,#3068,#3069,#3070,
#3071,#3072,#3073,#3074,#3075,#3076,#3077,#3078,#3079,#3080,#3081,#3082,
#3083,#3084,#3085,#3086,#3087,#3088,#3089,#3090,#3091,#3092,#3093,#3094,
#3095,#3096,#3097,#3098,#3099,#3100,#3101,#3102,#3103,#3104,#3105,#3106,
#3107,#3108,#3109,#3110,#3111,#3112,#3113,#3114,#3115,#3116,#3117,#3118,
#3119,#3120,#3121,#3122,#3123,#3124,#3125,#3126,#3127,#3128,#3129,#3130,
#3131,#3132,#3133,#3134,#3135,#3136,#3137,#3138,#3139,#3140,#3141,#3142,
#3143,#3144,#3145,#3146,#3147,#3148,#3149,#3150,#3151,#3152,#3153,#3154,
#3155,#3156,#3157,#3158,#3159,#3160,#3161,#3162,#3163,#3164,#3165,#3166,
#3167,#3168,#3169,#3170,#3171,#3172,#3173));
#3175=AXIS2_PLACEMENT_3D('',#4265,#3425,#3426);
#3176=AXIS2_PLACEMENT_3D('',#4266,#3427,#3428);
#3177=AXIS2_PLACEMENT_3D('',#4278,#3432,#3433);
#3178=AXIS2_PLACEMENT_3D('',#4285,#3434,#3435);
#3179=AXIS2_PLACEMENT_3D('',#4290,#3436,#3437);
#3180=AXIS2_PLACEMENT_3D('',#4291,#3438,#3439);
#3181=AXIS2_PLACEMENT_3D('',#4292,#3440,#3441);
#3182=AXIS2_PLACEMENT_3D('',#4300,#3446,#3447);
#3183=AXIS2_PLACEMENT_3D('',#4304,#3450,#3451);
#3184=AXIS2_PLACEMENT_3D('',#4308,#3454,#3455);
#3185=AXIS2_PLACEMENT_3D('',#4310,#3456,#3457);
#3186=AXIS2_PLACEMENT_3D('',#4314,#3459,#3460);
#3187=AXIS2_PLACEMENT_3D('',#4315,#3461,#3462);
#3188=AXIS2_PLACEMENT_3D('',#4316,#3463,#3464);
#3189=AXIS2_PLACEMENT_3D('',#4323,#3465,#3466);
#3190=AXIS2_PLACEMENT_3D('',#4331,#3467,#3468);
#3191=AXIS2_PLACEMENT_3D('',#4332,#3469,#3470);
#3192=AXIS2_PLACEMENT_3D('',#4336,#3473,#3474);
#3193=AXIS2_PLACEMENT_3D('',#4354,#3475,#3476);
#3194=AXIS2_PLACEMENT_3D('',#4370,#3477,#3478);
#3195=AXIS2_PLACEMENT_3D('',#4371,#3479,#3480);
#3196=AXIS2_PLACEMENT_3D('',#4377,#3483,#3484);
#3197=AXIS2_PLACEMENT_3D('',#4385,#3488,#3489);
#3198=AXIS2_PLACEMENT_3D('',#4389,#3491,#3492);
#3199=AXIS2_PLACEMENT_3D('',#4392,#3494,#3495);
#3200=AXIS2_PLACEMENT_3D('',#4393,#3496,#3497);
#3201=AXIS2_PLACEMENT_3D('',#4402,#3502,#3503);
#3202=AXIS2_PLACEMENT_3D('',#4404,#3504,#3505);
#3203=AXIS2_PLACEMENT_3D('',#4412,#3509,#3510);
#3204=AXIS2_PLACEMENT_3D('',#4420,#3515,#3516);
#3205=AXIS2_PLACEMENT_3D('',#4422,#3517,#3518);
#3206=AXIS2_PLACEMENT_3D('',#4424,#3520,#3521);
#3207=AXIS2_PLACEMENT_3D('',#4430,#3525,#3526);
#3208=AXIS2_PLACEMENT_3D('',#4437,#3530,#3531);
#3209=AXIS2_PLACEMENT_3D('',#4443,#3535,#3536);
#3210=AXIS2_PLACEMENT_3D('',#4445,#3538,#3539);
#3211=AXIS2_PLACEMENT_3D('',#4514,#3544,#3545);
#3212=AXIS2_PLACEMENT_3D('',#4518,#3548,#3549);
#3213=AXIS2_PLACEMENT_3D('',#4524,#3553,#3554);
#3214=AXIS2_PLACEMENT_3D('',#4582,#3559,#3560);
#3215=AXIS2_PLACEMENT_3D('',#4584,#3562,#3563);
#3216=AXIS2_PLACEMENT_3D('',#4697,#3573,#3574);
#3217=AXIS2_PLACEMENT_3D('',#4798,#3578,#3579);
#3218=AXIS2_PLACEMENT_3D('',#4809,#3586,#3587);
#3219=AXIS2_PLACEMENT_3D('',#4811,#3589,#3590);
#3220=AXIS2_PLACEMENT_3D('',#4815,#3593,#3594);
#3221=AXIS2_PLACEMENT_3D('',#4819,#3597,#3598);
#3222=AXIS2_PLACEMENT_3D('',#4821,#3600,#3601);
#3223=AXIS2_PLACEMENT_3D('',#4830,#3606,#3607);
#3224=AXIS2_PLACEMENT_3D('',#4836,#3611,#3612);
#3225=AXIS2_PLACEMENT_3D('',#4843,#3617,#3618);
#3226=AXIS2_PLACEMENT_3D('',#4849,#3622,#3623);
#3227=AXIS2_PLACEMENT_3D('',#4855,#3627,#3628);
#3228=AXIS2_PLACEMENT_3D('',#4859,#3631,#3632);
#3229=AXIS2_PLACEMENT_3D('',#4861,#3634,#3635);
#3230=AXIS2_PLACEMENT_3D('',#4870,#3641,#3642);
#3231=AXIS2_PLACEMENT_3D('',#4872,#3644,#3645);
#3232=AXIS2_PLACEMENT_3D('',#4874,#3647,#3648);
#3233=AXIS2_PLACEMENT_3D('',#4878,#3650,#3651);
#3234=AXIS2_PLACEMENT_3D('',#4880,#3653,#3654);
#3235=AXIS2_PLACEMENT_3D('',#4883,#3655,#3656);
#3236=AXIS2_PLACEMENT_3D('',#4887,#3658,#3659);
#3237=AXIS2_PLACEMENT_3D('',#4889,#3661,#3662);
#3238=AXIS2_PLACEMENT_3D('',#4894,#3665,#3666);
#3239=AXIS2_PLACEMENT_3D('',#4897,#3668,#3669);
#3240=AXIS2_PLACEMENT_3D('',#4916,#3680,#3681);
#3241=AXIS2_PLACEMENT_3D('',#4926,#3686,#3687);
#3242=AXIS2_PLACEMENT_3D('',#4929,#3689,#3690);
#3243=AXIS2_PLACEMENT_3D('',#4934,#3692,#3693);
#3244=AXIS2_PLACEMENT_3D('',#4937,#3695,#3696);
#3245=AXIS2_PLACEMENT_3D('',#4942,#3698,#3699);
#3246=AXIS2_PLACEMENT_3D('',#4945,#3701,#3702);
#3247=AXIS2_PLACEMENT_3D('',#4950,#3704,#3705);
#3248=AXIS2_PLACEMENT_3D('',#4953,#3707,#3708);
#3249=AXIS2_PLACEMENT_3D('',#4958,#3710,#3711);
#3250=AXIS2_PLACEMENT_3D('',#4961,#3713,#3714);
#3251=AXIS2_PLACEMENT_3D('',#4966,#3716,#3717);
#3252=AXIS2_PLACEMENT_3D('',#4969,#3719,#3720);
#3253=AXIS2_PLACEMENT_3D('',#4974,#3722,#3723);
#3254=AXIS2_PLACEMENT_3D('',#4977,#3725,#3726);
#3255=AXIS2_PLACEMENT_3D('',#4982,#3728,#3729);
#3256=AXIS2_PLACEMENT_3D('',#4985,#3731,#3732);
#3257=AXIS2_PLACEMENT_3D('',#4990,#3734,#3735);
#3258=AXIS2_PLACEMENT_3D('',#4993,#3737,#3738);
#3259=AXIS2_PLACEMENT_3D('',#4998,#3740,#3741);
#3260=AXIS2_PLACEMENT_3D('',#5001,#3743,#3744);
#3261=AXIS2_PLACEMENT_3D('',#5006,#3746,#3747);
#3262=AXIS2_PLACEMENT_3D('',#5009,#3749,#3750);
#3263=AXIS2_PLACEMENT_3D('',#5010,#3751,#3752);
#3264=AXIS2_PLACEMENT_3D('',#5012,#3753,#3754);
#3265=AXIS2_PLACEMENT_3D('',#5014,#3756,#3757);
#3266=AXIS2_PLACEMENT_3D('',#5016,#3759,#3760);
#3267=AXIS2_PLACEMENT_3D('',#5024,#3765,#3766);
#3268=AXIS2_PLACEMENT_3D('',#5026,#3768,#3769);
#3269=AXIS2_PLACEMENT_3D('',#5030,#3772,#3773);
#3270=AXIS2_PLACEMENT_3D('',#5039,#3778,#3779);
#3271=AXIS2_PLACEMENT_3D('',#5048,#3784,#3785);
#3272=AXIS2_PLACEMENT_3D('',#5057,#3790,#3791);
#3273=AXIS2_PLACEMENT_3D('',#5060,#3794,#3795);
#3274=AXIS2_PLACEMENT_3D('',#5066,#3799,#3800);
#3275=AXIS2_PLACEMENT_3D('',#5072,#3804,#3805);
#3276=AXIS2_PLACEMENT_3D('',#5080,#3810,#3811);
#3277=AXIS2_PLACEMENT_3D('',#5088,#3816,#3817);
#3278=AXIS2_PLACEMENT_3D('',#5103,#3826,#3827);
#3279=AXIS2_PLACEMENT_3D('',#5109,#3831,#3832);
#3280=AXIS2_PLACEMENT_3D('',#5115,#3836,#3837);
#3281=AXIS2_PLACEMENT_3D('',#5117,#3839,#3840);
#3282=AXIS2_PLACEMENT_3D('',#5119,#3842,#3843);
#3283=AXIS2_PLACEMENT_3D('',#5121,#3845,#3846);
#3284=AXIS2_PLACEMENT_3D('',#5123,#3848,#3849);
#3285=AXIS2_PLACEMENT_3D('',#5126,#3850,#3851);
#3286=AXIS2_PLACEMENT_3D('',#5130,#3853,#3854);
#3287=AXIS2_PLACEMENT_3D('',#5132,#3856,#3857);
#3288=AXIS2_PLACEMENT_3D('',#5138,#3861,#3862);
#3289=AXIS2_PLACEMENT_3D('',#5140,#3863,#3864);
#3290=AXIS2_PLACEMENT_3D('',#5142,#3865,#3866);
#3291=AXIS2_PLACEMENT_3D('',#5144,#3868,#3869);
#3292=AXIS2_PLACEMENT_3D('',#5150,#3873,#3874);
#3293=AXIS2_PLACEMENT_3D('',#5156,#3878,#3879);
#3294=AXIS2_PLACEMENT_3D('',#5158,#3881,#3882);
#3295=AXIS2_PLACEMENT_3D('',#5162,#3885,#3886);
#3296=AXIS2_PLACEMENT_3D('',#5163,#3887,#3888);
#3297=AXIS2_PLACEMENT_3D('',#5165,#3889,#3890);
#3298=AXIS2_PLACEMENT_3D('',#5169,#3892,#3893);
#3299=AXIS2_PLACEMENT_3D('',#5189,#3905,#3906);
#3300=AXIS2_PLACEMENT_3D('',#5190,#3907,#3908);
#3301=AXIS2_PLACEMENT_3D('',#5192,#3910,#3911);
#3302=AXIS2_PLACEMENT_3D('',#5194,#3913,#3914);
#3303=AXIS2_PLACEMENT_3D('',#5195,#3915,#3916);
#3304=AXIS2_PLACEMENT_3D('',#5198,#3919,#3920);
#3305=AXIS2_PLACEMENT_3D('',#5200,#3922,#3923);
#3306=AXIS2_PLACEMENT_3D('',#5206,#3927,#3928);
#3307=AXIS2_PLACEMENT_3D('',#5209,#3930,#3931);
#3308=AXIS2_PLACEMENT_3D('',#5210,#3932,#3933);
#3309=AXIS2_PLACEMENT_3D('',#5214,#3936,#3937);
#3310=AXIS2_PLACEMENT_3D('',#5215,#3938,#3939);
#3311=AXIS2_PLACEMENT_3D('',#5216,#3940,#3941);
#3312=AXIS2_PLACEMENT_3D('',#5217,#3942,#3943);
#3313=AXIS2_PLACEMENT_3D('',#5218,#3944,#3945);
#3314=AXIS2_PLACEMENT_3D('',#5224,#3949,#3950);
#3315=AXIS2_PLACEMENT_3D('',#5227,#3952,#3953);
#3316=AXIS2_PLACEMENT_3D('',#5228,#3954,#3955);
#3317=AXIS2_PLACEMENT_3D('',#5232,#3958,#3959);
#3318=AXIS2_PLACEMENT_3D('',#5233,#3960,#3961);
#3319=AXIS2_PLACEMENT_3D('',#5234,#3962,#3963);
#3320=AXIS2_PLACEMENT_3D('',#5240,#3967,#3968);
#3321=AXIS2_PLACEMENT_3D('',#5243,#3970,#3971);
#3322=AXIS2_PLACEMENT_3D('',#5244,#3972,#3973);
#3323=AXIS2_PLACEMENT_3D('',#5248,#3976,#3977);
#3324=AXIS2_PLACEMENT_3D('',#5249,#3978,#3979);
#3325=AXIS2_PLACEMENT_3D('',#5250,#3980,#3981);
#3326=AXIS2_PLACEMENT_3D('',#5256,#3985,#3986);
#3327=AXIS2_PLACEMENT_3D('',#5259,#3988,#3989);
#3328=AXIS2_PLACEMENT_3D('',#5260,#3990,#3991);
#3329=AXIS2_PLACEMENT_3D('',#5264,#3994,#3995);
#3330=AXIS2_PLACEMENT_3D('',#5265,#3996,#3997);
#3331=AXIS2_PLACEMENT_3D('',#5266,#3998,#3999);
#3332=AXIS2_PLACEMENT_3D('',#5272,#4003,#4004);
#3333=AXIS2_PLACEMENT_3D('',#5275,#4006,#4007);
#3334=AXIS2_PLACEMENT_3D('',#5276,#4008,#4009);
#3335=AXIS2_PLACEMENT_3D('',#5280,#4012,#4013);
#3336=AXIS2_PLACEMENT_3D('',#5281,#4014,#4015);
#3337=AXIS2_PLACEMENT_3D('',#5282,#4016,#4017);
#3338=AXIS2_PLACEMENT_3D('',#5288,#4021,#4022);
#3339=AXIS2_PLACEMENT_3D('',#5291,#4024,#4025);
#3340=AXIS2_PLACEMENT_3D('',#5292,#4026,#4027);
#3341=AXIS2_PLACEMENT_3D('',#5296,#4030,#4031);
#3342=AXIS2_PLACEMENT_3D('',#5297,#4032,#4033);
#3343=AXIS2_PLACEMENT_3D('',#5298,#4034,#4035);
#3344=AXIS2_PLACEMENT_3D('',#5304,#4039,#4040);
#3345=AXIS2_PLACEMENT_3D('',#5307,#4042,#4043);
#3346=AXIS2_PLACEMENT_3D('',#5308,#4044,#4045);
#3347=AXIS2_PLACEMENT_3D('',#5312,#4048,#4049);
#3348=AXIS2_PLACEMENT_3D('',#5313,#4050,#4051);
#3349=AXIS2_PLACEMENT_3D('',#5314,#4052,#4053);
#3350=AXIS2_PLACEMENT_3D('',#5320,#4057,#4058);
#3351=AXIS2_PLACEMENT_3D('',#5323,#4060,#4061);
#3352=AXIS2_PLACEMENT_3D('',#5324,#4062,#4063);
#3353=AXIS2_PLACEMENT_3D('',#5328,#4066,#4067);
#3354=AXIS2_PLACEMENT_3D('',#5329,#4068,#4069);
#3355=AXIS2_PLACEMENT_3D('',#5330,#4070,#4071);
#3356=AXIS2_PLACEMENT_3D('',#5336,#4075,#4076);
#3357=AXIS2_PLACEMENT_3D('',#5339,#4078,#4079);
#3358=AXIS2_PLACEMENT_3D('',#5340,#4080,#4081);
#3359=AXIS2_PLACEMENT_3D('',#5344,#4084,#4085);
#3360=AXIS2_PLACEMENT_3D('',#5345,#4086,#4087);
#3361=AXIS2_PLACEMENT_3D('',#5346,#4088,#4089);
#3362=AXIS2_PLACEMENT_3D('',#5352,#4093,#4094);
#3363=AXIS2_PLACEMENT_3D('',#5355,#4096,#4097);
#3364=AXIS2_PLACEMENT_3D('',#5356,#4098,#4099);
#3365=AXIS2_PLACEMENT_3D('',#5360,#4102,#4103);
#3366=AXIS2_PLACEMENT_3D('',#5361,#4104,#4105);
#3367=AXIS2_PLACEMENT_3D('',#5362,#4106,#4107);
#3368=AXIS2_PLACEMENT_3D('',#5368,#4111,#4112);
#3369=AXIS2_PLACEMENT_3D('',#5371,#4114,#4115);
#3370=AXIS2_PLACEMENT_3D('',#5372,#4116,#4117);
#3371=AXIS2_PLACEMENT_3D('',#5376,#4120,#4121);
#3372=AXIS2_PLACEMENT_3D('',#5377,#4122,#4123);
#3373=AXIS2_PLACEMENT_3D('',#5378,#4124,#4125);
#3374=AXIS2_PLACEMENT_3D('',#5384,#4129,#4130);
#3375=AXIS2_PLACEMENT_3D('',#5387,#4132,#4133);
#3376=AXIS2_PLACEMENT_3D('',#5388,#4134,#4135);
#3377=AXIS2_PLACEMENT_3D('',#5392,#4138,#4139);
#3378=AXIS2_PLACEMENT_3D('',#5393,#4140,#4141);
#3379=AXIS2_PLACEMENT_3D('',#5394,#4142,#4143);
#3380=AXIS2_PLACEMENT_3D('',#5399,#4146,#4147);
#3381=AXIS2_PLACEMENT_3D('',#5400,#4148,#4149);
#3382=AXIS2_PLACEMENT_3D('',#5402,#4150,#4151);
#3383=AXIS2_PLACEMENT_3D('',#5406,#4153,#4154);
#3384=AXIS2_PLACEMENT_3D('',#5409,#4156,#4157);
#3385=AXIS2_PLACEMENT_3D('',#5410,#4158,#4159);
#3386=AXIS2_PLACEMENT_3D('',#5411,#4160,#4161);
#3387=AXIS2_PLACEMENT_3D('',#5415,#4164,#4165);
#3388=AXIS2_PLACEMENT_3D('',#5419,#4168,#4169);
#3389=AXIS2_PLACEMENT_3D('',#5420,#4170,#4171);
#3390=AXIS2_PLACEMENT_3D('',#5421,#4172,#4173);
#3391=AXIS2_PLACEMENT_3D('',#5423,#4175,#4176);
#3392=AXIS2_PLACEMENT_3D('',#5425,#4178,#4179);
#3393=AXIS2_PLACEMENT_3D('',#5426,#4180,#4181);
#3394=AXIS2_PLACEMENT_3D('',#5428,#4183,#4184);
#3395=AXIS2_PLACEMENT_3D('',#5430,#4186,#4187);
#3396=AXIS2_PLACEMENT_3D('',#5432,#4189,#4190);
#3397=AXIS2_PLACEMENT_3D('',#5433,#4191,#4192);
#3398=AXIS2_PLACEMENT_3D('',#5436,#4193,#4194);
#3399=AXIS2_PLACEMENT_3D('',#5438,#4195,#4196);
#3400=AXIS2_PLACEMENT_3D('',#5439,#4197,#4198);
#3401=AXIS2_PLACEMENT_3D('',#5440,#4199,#4200);
#3402=AXIS2_PLACEMENT_3D('',#5441,#4201,#4202);
#3403=AXIS2_PLACEMENT_3D('',#5443,#4203,#4204);
#3404=AXIS2_PLACEMENT_3D('',#5445,#4206,#4207);
#3405=AXIS2_PLACEMENT_3D('',#5450,#4209,#4210);
#3406=AXIS2_PLACEMENT_3D('',#5453,#4213,#4214);
#3407=AXIS2_PLACEMENT_3D('',#5455,#4215,#4216);
#3408=AXIS2_PLACEMENT_3D('',#5456,#4217,#4218);
#3409=AXIS2_PLACEMENT_3D('',#5457,#4219,#4220);
#3410=AXIS2_PLACEMENT_3D('',#5458,#4221,#4222);
#3411=AXIS2_PLACEMENT_3D('',#5460,#4224,#4225);
#3412=AXIS2_PLACEMENT_3D('',#5462,#4227,#4228);
#3413=AXIS2_PLACEMENT_3D('',#5466,#4231,#4232);
#3414=AXIS2_PLACEMENT_3D('',#5470,#4235,#4236);
#3415=AXIS2_PLACEMENT_3D('',#5472,#4238,#4239);
#3416=AXIS2_PLACEMENT_3D('',#5476,#4242,#4243);
#3417=AXIS2_PLACEMENT_3D('',#5478,#4245,#4246);
#3418=AXIS2_PLACEMENT_3D('',#5481,#4249,#4250);
#3419=AXIS2_PLACEMENT_3D('',#5482,#4251,#4252);
#3420=AXIS2_PLACEMENT_3D('',#5483,#4253,#4254);
#3421=AXIS2_PLACEMENT_3D('',#5485,#4256,#4257);
#3422=AXIS2_PLACEMENT_3D('',#5486,#4258,#4259);
#3423=AXIS2_PLACEMENT_3D('',#5488,#4261,#4262);
#3424=AXIS2_PLACEMENT_3D('',#5489,#4263,#4264);
#3425=DIRECTION('axis',(0.,0.,1.));
#3426=DIRECTION('refdir',(1.,0.,0.));
#3427=DIRECTION('center_axis',(0.578431944158186,-0.707106781186547,-0.406714255930846));
#3428=DIRECTION('ref_axis',(-0.575180816747884,0.,-0.818026300338343));
#3429=DIRECTION('',(0.575180816747884,0.,0.818026300338343));
#3430=DIRECTION('',(0.,-0.498588913122005,0.866838563812096));
#3431=DIRECTION('',(-0.575180816747884,0.,-0.818026300338343));
#3432=DIRECTION('center_axis',(0.,-1.,0.));
#3433=DIRECTION('ref_axis',(-1.,0.,0.));
#3434=DIRECTION('center_axis',(0.,-1.,0.));
#3435=DIRECTION('ref_axis',(-1.,0.,0.));
#3436=DIRECTION('center_axis',(0.,1.,0.));
#3437=DIRECTION('ref_axis',(-1.,0.,0.));
#3438=DIRECTION('center_axis',(0.,-1.,0.));
#3439=DIRECTION('ref_axis',(-1.,0.,0.));
#3440=DIRECTION('center_axis',(-1.,0.,0.));
#3441=DIRECTION('ref_axis',(0.,0.,1.));
#3442=DIRECTION('',(0.,-1.,0.));
#3443=DIRECTION('',(0.,0.,-1.));
#3444=DIRECTION('',(0.,1.,0.));
#3445=DIRECTION('',(0.,0.,1.));
#3446=DIRECTION('center_axis',(0.818026300338343,0.,-0.575180816747884));
#3447=DIRECTION('ref_axis',(-0.575180816747884,0.,-0.818026300338343));
#3448=DIRECTION('',(0.,1.,0.));
#3449=DIRECTION('',(0.575180816747884,0.,0.818026300338343));
#3450=DIRECTION('center_axis',(0.,-1.,0.));
#3451=DIRECTION('ref_axis',(1.,0.,0.));
#3452=DIRECTION('',(0.,0.,1.));
#3453=DIRECTION('',(-1.,0.,0.));
#3454=DIRECTION('center_axis',(0.,1.,0.));
#3455=DIRECTION('ref_axis',(2.83276944882399E-16,0.,-1.));
#3456=DIRECTION('center_axis',(0.,1.,0.));
#3457=DIRECTION('ref_axis',(1.,0.,0.));
#3458=DIRECTION('',(0.,-1.,0.));
#3459=DIRECTION('center_axis',(0.,-1.,0.));
#3460=DIRECTION('ref_axis',(1.,0.,0.));
#3461=DIRECTION('center_axis',(0.,-1.,0.));
#3462=DIRECTION('ref_axis',(1.,0.,0.));
#3463=DIRECTION('center_axis',(0.,-1.,0.));
#3464=DIRECTION('ref_axis',(1.,0.,0.));
#3465=DIRECTION('center_axis',(0.,-1.,0.));
#3466=DIRECTION('ref_axis',(1.,0.,0.));
#3467=DIRECTION('center_axis',(0.,-1.,0.));
#3468=DIRECTION('ref_axis',(1.,0.,0.));
#3469=DIRECTION('center_axis',(0.,-1.,0.));
#3470=DIRECTION('ref_axis',(1.,0.,0.));
#3471=DIRECTION('',(-1.,0.,0.));
#3472=DIRECTION('',(0.,0.,-1.));
#3473=DIRECTION('center_axis',(0.,0.,1.));
#3474=DIRECTION('ref_axis',(1.,0.,0.));
#3475=DIRECTION('center_axis',(0.,0.,1.));
#3476=DIRECTION('ref_axis',(1.,0.,0.));
#3477=DIRECTION('center_axis',(0.,0.,-1.));
#3478=DIRECTION('ref_axis',(1.,0.,0.));
#3479=DIRECTION('center_axis',(0.,0.,1.));
#3480=DIRECTION('ref_axis',(1.,0.,0.));
#3481=DIRECTION('',(0.,0.,-1.));
#3482=DIRECTION('',(0.,0.,1.));
#3483=DIRECTION('center_axis',(0.,0.,-1.));
#3484=DIRECTION('ref_axis',(1.,0.,0.));
#3485=DIRECTION('',(0.,0.,1.));
#3486=DIRECTION('',(0.,0.,-1.));
#3487=DIRECTION('',(0.,0.,1.));
#3488=DIRECTION('center_axis',(0.,0.,-1.));
#3489=DIRECTION('ref_axis',(1.,0.,0.));
#3490=DIRECTION('',(0.,0.,-1.));
#3491=DIRECTION('center_axis',(0.,0.,-1.));
#3492=DIRECTION('ref_axis',(1.,0.,0.));
#3493=DIRECTION('',(0.,0.,-1.));
#3494=DIRECTION('center_axis',(0.,0.,-1.));
#3495=DIRECTION('ref_axis',(1.,0.,0.));
#3496=DIRECTION('center_axis',(0.,0.734846922834952,-0.678232998312529));
#3497=DIRECTION('ref_axis',(-1.,0.,0.));
#3498=DIRECTION('',(0.,0.678232998312529,0.734846922834952));
#3499=DIRECTION('',(-1.,0.,0.));
#3500=DIRECTION('',(0.,-0.678232998312529,-0.734846922834952));
#3501=DIRECTION('',(1.,0.,0.));
#3502=DIRECTION('center_axis',(1.,0.,0.));
#3503=DIRECTION('ref_axis',(0.,-1.,0.));
#3504=DIRECTION('center_axis',(1.,0.,0.));
#3505=DIRECTION('ref_axis',(0.,-1.,0.));
#3506=DIRECTION('',(0.,-0.783543909730033,0.621336415740276));
#3507=DIRECTION('',(0.,-1.,0.));
#3508=DIRECTION('',(0.,-0.78354390973003,-0.621336415740281));
#3509=DIRECTION('center_axis',(1.,0.,0.));
#3510=DIRECTION('ref_axis',(0.,1.,0.));
#3511=DIRECTION('',(0.,0.678232998312529,-0.734846922834952));
#3512=DIRECTION('',(0.,0.,-1.));
#3513=DIRECTION('',(0.,-1.,0.));
#3514=DIRECTION('',(0.,0.,-1.));
#3515=DIRECTION('center_axis',(-1.,0.,0.));
#3516=DIRECTION('ref_axis',(0.,-1.,0.));
#3517=DIRECTION('center_axis',(-1.,0.,0.));
#3518=DIRECTION('ref_axis',(0.,-1.,0.));
#3519=DIRECTION('',(-1.,0.,0.));
#3520=DIRECTION('center_axis',(0.,-0.734846922834952,-0.678232998312529));
#3521=DIRECTION('ref_axis',(-1.,0.,0.));
#3522=DIRECTION('',(0.,-0.678232998312529,0.734846922834952));
#3523=DIRECTION('',(1.,0.,0.));
#3524=DIRECTION('',(-1.,0.,0.));
#3525=DIRECTION('center_axis',(-1.,0.,0.));
#3526=DIRECTION('ref_axis',(0.,1.,0.));
#3527=DIRECTION('',(0.,0.,-1.));
#3528=DIRECTION('',(0.,1.,0.));
#3529=DIRECTION('',(0.,0.,-1.));
#3530=DIRECTION('center_axis',(-1.,0.,0.));
#3531=DIRECTION('ref_axis',(0.,1.,0.));
#3532=DIRECTION('',(0.,0.78354390973003,0.621336415740281));
#3533=DIRECTION('',(0.,1.,0.));
#3534=DIRECTION('',(0.,0.783543909730033,-0.621336415740276));
#3535=DIRECTION('center_axis',(1.,0.,0.));
#3536=DIRECTION('ref_axis',(0.,1.,0.));
#3537=DIRECTION('',(1.,0.,0.));
#3538=DIRECTION('center_axis',(-0.707106781186549,-1.23427453715489E-15,
0.707106781186546));
#3539=DIRECTION('ref_axis',(0.707106781186546,0.,0.707106781186549));
#3540=DIRECTION('',(-1.74552779013622E-15,1.,0.));
#3541=DIRECTION('',(1.74552779013622E-15,-1.,0.));
#3542=DIRECTION('',(0.,0.,-1.));
#3543=DIRECTION('',(0.,0.,-1.));
#3544=DIRECTION('center_axis',(1.,1.74552779013622E-15,0.));
#3545=DIRECTION('ref_axis',(1.74552779013622E-15,-1.,0.));
#3546=DIRECTION('',(0.,0.,-1.));
#3547=DIRECTION('',(1.74552779013622E-15,-1.,0.));
#3548=DIRECTION('center_axis',(0.,1.,0.));
#3549=DIRECTION('ref_axis',(1.,0.,0.));
#3550=DIRECTION('',(1.,0.,0.));
#3551=DIRECTION('',(0.,0.,1.));
#3552=DIRECTION('',(1.,0.,0.));
#3553=DIRECTION('center_axis',(2.38441018064908E-16,-1.,0.));
#3554=DIRECTION('ref_axis',(-1.,-2.38441018064908E-16,0.));
#3555=DIRECTION('',(-1.,-2.38441018064908E-16,0.));
#3556=DIRECTION('',(0.,0.,-1.));
#3557=DIRECTION('',(-1.,-2.38441018064908E-16,0.));
#3558=DIRECTION('',(0.,0.,-1.));
#3559=DIRECTION('center_axis',(0.,0.,1.));
#3560=DIRECTION('ref_axis',(-1.,0.,0.));
#3561=DIRECTION('',(0.,1.,0.));
#3562=DIRECTION('center_axis',(-1.,0.,0.));
#3563=DIRECTION('ref_axis',(0.,-1.,0.));
#3564=DIRECTION('',(0.,-1.,0.));
#3565=DIRECTION('',(0.,0.,-1.));
#3566=DIRECTION('',(0.,-1.,0.));
#3567=DIRECTION('',(0.,0.,-1.));
#3568=DIRECTION('',(0.,1.,0.));
#3569=DIRECTION('',(0.,0.,1.));
#3570=DIRECTION('',(0.,-1.,0.));
#3571=DIRECTION('',(0.,0.,1.));
#3572=DIRECTION('',(0.,-1.,0.));
#3573=DIRECTION('center_axis',(0.,-1.,0.));
#3574=DIRECTION('ref_axis',(0.,0.,-1.));
#3575=DIRECTION('',(1.,0.,0.));
#3576=DIRECTION('',(0.,0.,-1.));
#3577=DIRECTION('',(1.,0.,0.));
#3578=DIRECTION('center_axis',(1.,0.,0.));
#3579=DIRECTION('ref_axis',(0.,1.,0.));
#3580=DIRECTION('',(0.,1.,0.));
#3581=DIRECTION('',(0.,0.,1.));
#3582=DIRECTION('',(0.,-1.,0.));
#3583=DIRECTION('',(0.,0.,-1.));
#3584=DIRECTION('',(0.,1.,0.));
#3585=DIRECTION('',(0.,1.,0.));
#3586=DIRECTION('center_axis',(0.707106781186549,0.,-0.707106781186546));
#3587=DIRECTION('ref_axis',(-0.707106781186546,0.,-0.707106781186549));
#3588=DIRECTION('',(0.,-1.,0.));
#3589=DIRECTION('center_axis',(0.,0.,-1.));
#3590=DIRECTION('ref_axis',(0.,1.,0.));
#3591=DIRECTION('',(1.,0.,0.));
#3592=DIRECTION('',(0.,1.,0.));
#3593=DIRECTION('center_axis',(0.,1.,0.));
#3594=DIRECTION('ref_axis',(0.,0.,1.));
#3595=DIRECTION('',(1.,0.,0.));
#3596=DIRECTION('',(0.,0.,1.));
#3597=DIRECTION('center_axis',(1.,0.,0.));
#3598=DIRECTION('ref_axis',(0.,0.,-1.));
#3599=DIRECTION('',(0.,-1.,0.));
#3600=DIRECTION('center_axis',(-0.707106781186548,0.,0.707106781186548));
#3601=DIRECTION('ref_axis',(0.707106781186548,0.,0.707106781186548));
#3602=DIRECTION('',(0.707106781186548,0.,0.707106781186548));
#3603=DIRECTION('',(0.,1.,0.));
#3604=DIRECTION('',(-0.707106781186548,0.,-0.707106781186548));
#3605=DIRECTION('',(0.,-1.,0.));
#3606=DIRECTION('center_axis',(1.,0.,0.));
#3607=DIRECTION('ref_axis',(0.,0.,-1.));
#3608=DIRECTION('',(0.,0.,1.));
#3609=DIRECTION('',(0.,1.,0.));
#3610=DIRECTION('',(0.,0.,-1.));
#3611=DIRECTION('center_axis',(0.,1.,0.));
#3612=DIRECTION('ref_axis',(-1.,0.,0.));
#3613=DIRECTION('',(1.,0.,0.));
#3614=DIRECTION('',(0.,0.,1.));
#3615=DIRECTION('',(1.,0.,0.));
#3616=DIRECTION('',(0.575180816747885,0.,-0.818026300338342));
#3617=DIRECTION('center_axis',(0.707106781186548,0.,0.707106781186548));
#3618=DIRECTION('ref_axis',(0.707106781186548,0.,-0.707106781186548));
#3619=DIRECTION('',(-0.707106781186548,0.,0.707106781186548));
#3620=DIRECTION('',(0.,-1.,0.));
#3621=DIRECTION('',(0.707106781186548,0.,-0.707106781186548));
#3622=DIRECTION('center_axis',(0.,0.,1.));
#3623=DIRECTION('ref_axis',(1.,0.,0.));
#3624=DIRECTION('',(1.,0.,0.));
#3625=DIRECTION('',(5.9211894646675E-17,1.,0.));
#3626=DIRECTION('',(-1.,0.,0.));
#3627=DIRECTION('center_axis',(0.,1.,0.));
#3628=DIRECTION('ref_axis',(-1.,0.,0.));
#3629=DIRECTION('',(1.,0.,0.));
#3630=DIRECTION('',(0.,0.,-1.));
#3631=DIRECTION('center_axis',(-0.818026300338342,0.,-0.575180816747885));
#3632=DIRECTION('ref_axis',(-0.575180816747885,0.,0.818026300338342));
#3633=DIRECTION('',(-0.575180816747885,0.,0.818026300338342));
#3634=DIRECTION('center_axis',(0.,0.,1.));
#3635=DIRECTION('ref_axis',(1.,0.,0.));
#3636=DIRECTION('',(-1.,0.,0.));
#3637=DIRECTION('',(0.,1.,0.));
#3638=DIRECTION('',(-1.,0.,0.));
#3639=DIRECTION('',(0.,1.,0.));
#3640=DIRECTION('',(0.,1.,0.));
#3641=DIRECTION('center_axis',(0.,-1.,0.));
#3642=DIRECTION('ref_axis',(1.,0.,0.));
#3643=DIRECTION('',(0.,0.,-1.));
#3644=DIRECTION('center_axis',(0.,-1.,0.));
#3645=DIRECTION('ref_axis',(1.,0.,0.));
#3646=DIRECTION('',(0.,0.,1.));
#3647=DIRECTION('center_axis',(-1.,0.,0.));
#3648=DIRECTION('ref_axis',(0.,-1.,0.));
#3649=DIRECTION('',(0.,1.,0.));
#3650=DIRECTION('center_axis',(-1.,0.,0.));
#3651=DIRECTION('ref_axis',(0.,0.707106781186548,-0.707106781186547));
#3652=DIRECTION('',(0.,0.,1.));
#3653=DIRECTION('center_axis',(-1.,0.,0.));
#3654=DIRECTION('ref_axis',(0.,-0.707106781186548,-0.707106781186547));
#3655=DIRECTION('center_axis',(0.707106781186548,0.707106781186547,0.));
#3656=DIRECTION('ref_axis',(0.707106781186547,-0.707106781186548,9.81307786677359E-17));
#3657=DIRECTION('',(-1.,0.,0.));
#3658=DIRECTION('center_axis',(-1.,0.,0.));
#3659=DIRECTION('ref_axis',(0.,-0.707106781186548,-0.707106781186547));
#3660=DIRECTION('',(1.,0.,0.));
#3661=DIRECTION('center_axis',(0.,0.,-1.));
#3662=DIRECTION('ref_axis',(1.,0.,0.));
#3663=DIRECTION('',(0.,1.,0.));
#3664=DIRECTION('',(-2.03710646720212E-16,1.,0.));
#3665=DIRECTION('center_axis',(0.,0.,-1.));
#3666=DIRECTION('ref_axis',(-1.,0.,0.));
#3667=DIRECTION('',(2.03710646720212E-16,-1.,0.));
#3668=DIRECTION('center_axis',(0.,0.,-1.));
#3669=DIRECTION('ref_axis',(-1.,0.,0.));
#3670=DIRECTION('',(-0.707106781186547,-0.707106781186548,0.));
#3671=DIRECTION('',(0.,-1.,0.));
#3672=DIRECTION('',(1.,0.,0.));
#3673=DIRECTION('',(-5.9211894646675E-17,-1.,0.));
#3674=DIRECTION('',(1.,0.,0.));
#3675=DIRECTION('',(0.,1.,0.));
#3676=DIRECTION('',(0.707106781186547,-0.707106781186548,0.));
#3677=DIRECTION('',(1.,0.,0.));
#3678=DIRECTION('',(0.707106781186548,0.707106781186548,0.));
#3679=DIRECTION('',(-1.,0.,0.));
#3680=DIRECTION('center_axis',(0.,0.,-1.));
#3681=DIRECTION('ref_axis',(-1.,0.,0.));
#3682=DIRECTION('',(0.,1.,0.));
#3683=DIRECTION('',(-1.,0.,0.));
#3684=DIRECTION('',(-5.9211894646675E-17,-1.,0.));
#3685=DIRECTION('',(2.03710646720212E-16,-1.,0.));
#3686=DIRECTION('center_axis',(0.,0.,-1.));
#3687=DIRECTION('ref_axis',(-1.,0.,0.));
#3688=DIRECTION('',(-2.03710646720212E-16,1.,0.));
#3689=DIRECTION('center_axis',(0.,0.,-1.));
#3690=DIRECTION('ref_axis',(-1.,0.,0.));
#3691=DIRECTION('',(2.03710646720212E-16,-1.,0.));
#3692=DIRECTION('center_axis',(0.,0.,-1.));
#3693=DIRECTION('ref_axis',(-1.,0.,0.));
#3694=DIRECTION('',(-2.03710646720212E-16,1.,0.));
#3695=DIRECTION('center_axis',(0.,0.,-1.));
#3696=DIRECTION('ref_axis',(-1.,0.,0.));
#3697=DIRECTION('',(2.03710646720212E-16,-1.,0.));
#3698=DIRECTION('center_axis',(0.,0.,-1.));
#3699=DIRECTION('ref_axis',(-1.,0.,0.));
#3700=DIRECTION('',(-2.03710646720212E-16,1.,0.));
#3701=DIRECTION('center_axis',(0.,0.,-1.));
#3702=DIRECTION('ref_axis',(-1.,0.,0.));
#3703=DIRECTION('',(2.03710646720212E-16,-1.,0.));
#3704=DIRECTION('center_axis',(0.,0.,-1.));
#3705=DIRECTION('ref_axis',(-1.,0.,0.));
#3706=DIRECTION('',(-2.03710646720212E-16,1.,0.));
#3707=DIRECTION('center_axis',(0.,0.,-1.));
#3708=DIRECTION('ref_axis',(-1.,0.,0.));
#3709=DIRECTION('',(2.03710646720212E-16,-1.,0.));
#3710=DIRECTION('center_axis',(0.,0.,-1.));
#3711=DIRECTION('ref_axis',(-1.,0.,0.));
#3712=DIRECTION('',(-2.03710646720212E-16,1.,0.));
#3713=DIRECTION('center_axis',(0.,0.,-1.));
#3714=DIRECTION('ref_axis',(-1.,0.,0.));
#3715=DIRECTION('',(2.03710646720212E-16,-1.,0.));
#3716=DIRECTION('center_axis',(0.,0.,-1.));
#3717=DIRECTION('ref_axis',(-1.,0.,0.));
#3718=DIRECTION('',(-2.03710646720212E-16,1.,0.));
#3719=DIRECTION('center_axis',(0.,0.,-1.));
#3720=DIRECTION('ref_axis',(-1.,0.,0.));
#3721=DIRECTION('',(2.03710646720212E-16,-1.,0.));
#3722=DIRECTION('center_axis',(0.,0.,-1.));
#3723=DIRECTION('ref_axis',(-1.,0.,0.));
#3724=DIRECTION('',(-2.03710646720212E-16,1.,0.));
#3725=DIRECTION('center_axis',(0.,0.,-1.));
#3726=DIRECTION('ref_axis',(-1.,0.,0.));
#3727=DIRECTION('',(2.03710646720212E-16,-1.,0.));
#3728=DIRECTION('center_axis',(0.,0.,-1.));
#3729=DIRECTION('ref_axis',(-1.,0.,0.));
#3730=DIRECTION('',(-2.03710646720212E-16,1.,0.));
#3731=DIRECTION('center_axis',(0.,0.,-1.));
#3732=DIRECTION('ref_axis',(-1.,0.,0.));
#3733=DIRECTION('',(2.03710646720212E-16,-1.,0.));
#3734=DIRECTION('center_axis',(0.,0.,-1.));
#3735=DIRECTION('ref_axis',(-1.,0.,0.));
#3736=DIRECTION('',(-2.03710646720212E-16,1.,0.));
#3737=DIRECTION('center_axis',(0.,0.,-1.));
#3738=DIRECTION('ref_axis',(-1.,0.,0.));
#3739=DIRECTION('',(2.03710646720212E-16,-1.,0.));
#3740=DIRECTION('center_axis',(0.,0.,-1.));
#3741=DIRECTION('ref_axis',(-1.,0.,0.));
#3742=DIRECTION('',(-2.03710646720212E-16,1.,0.));
#3743=DIRECTION('center_axis',(0.,0.,-1.));
#3744=DIRECTION('ref_axis',(-1.,0.,0.));
#3745=DIRECTION('',(2.03710646720212E-16,-1.,0.));
#3746=DIRECTION('center_axis',(0.,0.,-1.));
#3747=DIRECTION('ref_axis',(-1.,0.,0.));
#3748=DIRECTION('',(-2.03710646720212E-16,1.,0.));
#3749=DIRECTION('center_axis',(0.,0.,-1.));
#3750=DIRECTION('ref_axis',(-1.,0.,0.));
#3751=DIRECTION('center_axis',(-1.,0.,0.));
#3752=DIRECTION('ref_axis',(0.,0.707106781186548,-0.707106781186547));
#3753=DIRECTION('center_axis',(1.,0.,0.));
#3754=DIRECTION('ref_axis',(0.,0.707106781186548,-0.707106781186547));
#3755=DIRECTION('',(-1.,0.,0.));
#3756=DIRECTION('center_axis',(0.,-1.,0.));
#3757=DIRECTION('ref_axis',(1.,0.,0.));
#3758=DIRECTION('',(0.,0.,1.));
#3759=DIRECTION('center_axis',(0.,1.,0.));
#3760=DIRECTION('ref_axis',(-1.,0.,0.));
#3761=DIRECTION('',(0.,0.,1.));
#3762=DIRECTION('',(-1.,0.,0.));
#3763=DIRECTION('',(0.,0.,1.));
#3764=DIRECTION('',(0.,0.,-1.));
#3765=DIRECTION('center_axis',(-1.,0.,0.));
#3766=DIRECTION('ref_axis',(0.,-1.,0.));
#3767=DIRECTION('',(0.,0.,-1.));
#3768=DIRECTION('center_axis',(1.,0.,0.));
#3769=DIRECTION('ref_axis',(0.,1.,0.));
#3770=DIRECTION('',(0.,0.,1.));
#3771=DIRECTION('',(0.,1.,0.));
#3772=DIRECTION('center_axis',(0.984807753012208,-0.17364817766693,0.));
#3773=DIRECTION('ref_axis',(0.,0.,-1.));
#3774=DIRECTION('',(0.,0.,1.));
#3775=DIRECTION('',(0.171087869746035,0.970287525247814,-0.171087869746035));
#3776=DIRECTION('',(0.,0.,-1.));
#3777=DIRECTION('',(-0.17364817766693,-0.984807753012208,0.));
#3778=DIRECTION('center_axis',(0.984807753012208,-0.17364817766693,0.));
#3779=DIRECTION('ref_axis',(0.,0.,-1.));
#3780=DIRECTION('',(0.,0.,-1.));
#3781=DIRECTION('',(0.171087869746035,0.970287525247814,0.171087869746035));
#3782=DIRECTION('',(0.,0.,1.));
#3783=DIRECTION('',(0.17364817766693,0.984807753012208,0.));
#3784=DIRECTION('center_axis',(-0.984807753012208,-0.17364817766693,0.));
#3785=DIRECTION('ref_axis',(0.,0.,1.));
#3786=DIRECTION('',(0.,0.,-1.));
#3787=DIRECTION('',(-0.17364817766693,0.984807753012208,0.));
#3788=DIRECTION('',(0.,0.,1.));
#3789=DIRECTION('',(-0.171087869746035,0.970287525247814,-0.171087869746035));
#3790=DIRECTION('center_axis',(-7.91498068204741E-17,-0.17364817766693,
-0.984807753012208));
#3791=DIRECTION('ref_axis',(-1.,0.,8.03708201711253E-17));
#3792=DIRECTION('',(1.,0.,-8.03708201711253E-17));
#3793=DIRECTION('',(-1.,0.,8.03708201711253E-17));
#3794=DIRECTION('center_axis',(0.,-0.17364817766693,0.984807753012208));
#3795=DIRECTION('ref_axis',(1.,0.,0.));
#3796=DIRECTION('',(1.,0.,0.));
#3797=DIRECTION('',(-0.171087869746035,0.970287525247814,0.171087869746035));
#3798=DIRECTION('',(-1.,0.,0.));
#3799=DIRECTION('center_axis',(-0.984807753012208,-0.17364817766693,0.));
#3800=DIRECTION('ref_axis',(0.,0.,1.));
#3801=DIRECTION('',(0.,0.,1.));
#3802=DIRECTION('',(0.17364817766693,-0.984807753012208,0.));
#3803=DIRECTION('',(0.,0.,-1.));
#3804=DIRECTION('center_axis',(0.,0.,1.));
#3805=DIRECTION('ref_axis',(-1.,0.,0.));
#3806=DIRECTION('',(1.,0.,0.));
#3807=DIRECTION('',(0.,-1.,0.));
#3808=DIRECTION('',(-0.447213595499956,0.894427190999917,0.));
#3809=DIRECTION('',(-1.,0.,0.));
#3810=DIRECTION('center_axis',(0.,0.,1.));
#3811=DIRECTION('ref_axis',(-1.,0.,0.));
#3812=DIRECTION('',(-1.,0.,0.));
#3813=DIRECTION('',(-0.447213595499956,-0.894427190999917,0.));
#3814=DIRECTION('',(0.,-1.,0.));
#3815=DIRECTION('',(1.,0.,0.));
#3816=DIRECTION('center_axis',(0.,1.,0.));
#3817=DIRECTION('ref_axis',(-1.,0.,0.));
#3818=DIRECTION('',(0.,0.,1.));
#3819=DIRECTION('',(1.,0.,0.));
#3820=DIRECTION('',(0.,0.,-1.));
#3821=DIRECTION('',(-1.,0.,0.));
#3822=DIRECTION('',(0.,0.,1.));
#3823=DIRECTION('',(1.,0.,0.));
#3824=DIRECTION('',(1.,0.,0.));
#3825=DIRECTION('',(0.,0.,-1.));
#3826=DIRECTION('center_axis',(0.,0.,-1.));
#3827=DIRECTION('ref_axis',(1.,0.,0.));
#3828=DIRECTION('',(0.447213595499956,-0.894427190999917,0.));
#3829=DIRECTION('',(0.,-1.,0.));
#3830=DIRECTION('',(-1.,0.,0.));
#3831=DIRECTION('center_axis',(0.,0.,-1.));
#3832=DIRECTION('ref_axis',(1.,0.,0.));
#3833=DIRECTION('',(-1.,0.,0.));
#3834=DIRECTION('',(0.,-1.,0.));
#3835=DIRECTION('',(0.447213595499956,0.894427190999917,0.));
#3836=DIRECTION('center_axis',(-0.894427190999917,0.447213595499956,0.));
#3837=DIRECTION('ref_axis',(0.,0.,1.));
#3838=DIRECTION('',(0.,0.,1.));
#3839=DIRECTION('center_axis',(1.,0.,0.));
#3840=DIRECTION('ref_axis',(0.,0.,1.));
#3841=DIRECTION('',(0.,0.,-1.));
#3842=DIRECTION('center_axis',(0.894427190999917,0.447213595499956,0.));
#3843=DIRECTION('ref_axis',(0.,0.,-1.));
#3844=DIRECTION('',(0.,0.,-1.));
#3845=DIRECTION('center_axis',(-1.,0.,0.));
#3846=DIRECTION('ref_axis',(0.,0.,-1.));
#3847=DIRECTION('',(0.,0.,1.));
#3848=DIRECTION('center_axis',(0.,-1.,0.));
#3849=DIRECTION('ref_axis',(0.707106781186547,0.,-0.707106781186548));
#3850=DIRECTION('center_axis',(0.,1.,0.));
#3851=DIRECTION('ref_axis',(0.707106781186547,0.,-0.707106781186548));
#3852=DIRECTION('',(0.,-1.,0.));
#3853=DIRECTION('center_axis',(0.,-1.,0.));
#3854=DIRECTION('ref_axis',(0.707106781186547,0.,-0.707106781186548));
#3855=DIRECTION('',(0.,1.,0.));
#3856=DIRECTION('center_axis',(0.,0.,1.));
#3857=DIRECTION('ref_axis',(1.,0.,0.));
#3858=DIRECTION('',(-1.,0.,0.));
#3859=DIRECTION('',(0.,1.,0.));
#3860=DIRECTION('',(1.,0.,0.));
#3861=DIRECTION('center_axis',(0.,1.,0.));
#3862=DIRECTION('ref_axis',(-0.707106781186547,0.,-0.707106781186548));
#3863=DIRECTION('center_axis',(0.,-1.,0.));
#3864=DIRECTION('ref_axis',(-0.707106781186547,0.,-0.707106781186548));
#3865=DIRECTION('center_axis',(0.,1.,0.));
#3866=DIRECTION('ref_axis',(-0.707106781186547,0.,-0.707106781186548));
#3867=DIRECTION('',(0.,-1.,0.));
#3868=DIRECTION('center_axis',(1.,0.,0.));
#3869=DIRECTION('ref_axis',(0.,1.,0.));
#3870=DIRECTION('',(0.,0.,1.));
#3871=DIRECTION('',(0.,-1.,0.));
#3872=DIRECTION('',(0.,0.,-1.));
#3873=DIRECTION('center_axis',(-1.,0.,0.));
#3874=DIRECTION('ref_axis',(0.,-1.,0.));
#3875=DIRECTION('',(0.,0.,1.));
#3876=DIRECTION('',(0.,1.,0.));
#3877=DIRECTION('',(0.,0.,-1.));
#3878=DIRECTION('center_axis',(0.,-0.621336415740281,0.78354390973003));
#3879=DIRECTION('ref_axis',(1.,0.,0.));
#3880=DIRECTION('',(-1.,0.,0.));
#3881=DIRECTION('center_axis',(0.,0.,1.));
#3882=DIRECTION('ref_axis',(1.,0.,0.));
#3883=DIRECTION('',(-1.,0.,0.));
#3884=DIRECTION('',(1.,0.,0.));
#3885=DIRECTION('center_axis',(0.,0.,-1.));
#3886=DIRECTION('ref_axis',(0.707106781186546,-0.707106781186549,0.));
#3887=DIRECTION('center_axis',(0.,0.,-1.));
#3888=DIRECTION('ref_axis',(0.707106781186548,0.707106781186548,0.));
#3889=DIRECTION('center_axis',(0.,0.,-1.));
#3890=DIRECTION('ref_axis',(-0.707106781186548,0.707106781186548,0.));
#3891=DIRECTION('',(-5.48258283765509E-17,-1.,0.));
#3892=DIRECTION('center_axis',(0.,0.,-1.));
#3893=DIRECTION('ref_axis',(-0.707106781186547,-0.707106781186548,0.));
#3894=DIRECTION('',(1.,0.,0.));
#3895=DIRECTION('',(-1.,0.,0.));
#3896=DIRECTION('',(0.,1.,0.));
#3897=DIRECTION('',(1.,0.,0.));
#3898=DIRECTION('',(0.,-1.,0.));
#3899=DIRECTION('',(-1.,0.,0.));
#3900=DIRECTION('',(5.9211894646675E-17,1.,0.));
#3901=DIRECTION('',(1.,0.,0.));
#3902=DIRECTION('',(0.,-1.,0.));
#3903=DIRECTION('',(1.,0.,0.));
#3904=DIRECTION('',(1.,0.,0.));
#3905=DIRECTION('center_axis',(0.,0.621336415740276,0.783543909730033));
#3906=DIRECTION('ref_axis',(1.,0.,0.));
#3907=DIRECTION('center_axis',(0.,1.,0.));
#3908=DIRECTION('ref_axis',(1.,0.,0.));
#3909=DIRECTION('',(1.,0.,0.));
#3910=DIRECTION('center_axis',(0.,-1.,0.));
#3911=DIRECTION('ref_axis',(-1.,0.,0.));
#3912=DIRECTION('',(-1.,0.,0.));
#3913=DIRECTION('center_axis',(0.,0.,-1.));
#3914=DIRECTION('ref_axis',(-1.,0.,0.));
#3915=DIRECTION('center_axis',(0.,0.196493993641297,0.980505028270072));
#3916=DIRECTION('ref_axis',(1.,0.,0.));
#3917=DIRECTION('',(0.,-0.980505028270072,0.196493993641297));
#3918=DIRECTION('',(0.,0.980505028270072,-0.196493993641297));
#3919=DIRECTION('center_axis',(-1.,0.,0.));
#3920=DIRECTION('ref_axis',(0.,-1.,0.));
#3921=DIRECTION('',(0.,0.,-1.));
#3922=DIRECTION('center_axis',(1.,2.03710646720212E-16,0.));
#3923=DIRECTION('ref_axis',(2.03710646720212E-16,-1.,0.));
#3924=DIRECTION('',(0.,0.,-1.));
#3925=DIRECTION('',(2.03710646720212E-16,-1.,0.));
#3926=DIRECTION('',(0.,0.,-1.));
#3927=DIRECTION('center_axis',(0.,0.,-1.));
#3928=DIRECTION('ref_axis',(-1.,0.,0.));
#3929=DIRECTION('',(0.,0.,-1.));
#3930=DIRECTION('center_axis',(0.,0.,-1.));
#3931=DIRECTION('ref_axis',(-1.,0.,0.));
#3932=DIRECTION('center_axis',(-1.,-2.03710646720212E-16,0.));
#3933=DIRECTION('ref_axis',(-2.03710646720212E-16,1.,0.));
#3934=DIRECTION('',(0.,0.,1.));
#3935=DIRECTION('',(-2.03710646720212E-16,1.,0.));
#3936=DIRECTION('center_axis',(0.,0.,-1.));
#3937=DIRECTION('ref_axis',(-1.,0.,0.));
#3938=DIRECTION('center_axis',(0.,0.,1.));
#3939=DIRECTION('ref_axis',(-1.,0.,0.));
#3940=DIRECTION('center_axis',(0.,0.,-1.));
#3941=DIRECTION('ref_axis',(-1.,0.,0.));
#3942=DIRECTION('center_axis',(0.,0.,1.));
#3943=DIRECTION('ref_axis',(-1.,0.,0.));
#3944=DIRECTION('center_axis',(1.,2.03710646720212E-16,0.));
#3945=DIRECTION('ref_axis',(2.03710646720212E-16,-1.,0.));
#3946=DIRECTION('',(0.,0.,-1.));
#3947=DIRECTION('',(2.03710646720212E-16,-1.,0.));
#3948=DIRECTION('',(0.,0.,-1.));
#3949=DIRECTION('center_axis',(0.,0.,-1.));
#3950=DIRECTION('ref_axis',(-1.,0.,0.));
#3951=DIRECTION('',(0.,0.,-1.));
#3952=DIRECTION('center_axis',(0.,0.,-1.));
#3953=DIRECTION('ref_axis',(-1.,0.,0.));
#3954=DIRECTION('center_axis',(-1.,-2.03710646720212E-16,0.));
#3955=DIRECTION('ref_axis',(-2.03710646720212E-16,1.,0.));
#3956=DIRECTION('',(0.,0.,-1.));
#3957=DIRECTION('',(-2.03710646720212E-16,1.,0.));
#3958=DIRECTION('center_axis',(0.,0.,-1.));
#3959=DIRECTION('ref_axis',(-1.,0.,0.));
#3960=DIRECTION('center_axis',(0.,0.,-1.));
#3961=DIRECTION('ref_axis',(-1.,0.,0.));
#3962=DIRECTION('center_axis',(1.,2.03710646720212E-16,0.));
#3963=DIRECTION('ref_axis',(2.03710646720212E-16,-1.,0.));
#3964=DIRECTION('',(0.,0.,-1.));
#3965=DIRECTION('',(2.03710646720212E-16,-1.,0.));
#3966=DIRECTION('',(0.,0.,-1.));
#3967=DIRECTION('center_axis',(0.,0.,-1.));
#3968=DIRECTION('ref_axis',(-1.,0.,0.));
#3969=DIRECTION('',(0.,0.,-1.));
#3970=DIRECTION('center_axis',(0.,0.,-1.));
#3971=DIRECTION('ref_axis',(-1.,0.,0.));
#3972=DIRECTION('center_axis',(-1.,-2.03710646720212E-16,0.));
#3973=DIRECTION('ref_axis',(-2.03710646720212E-16,1.,0.));
#3974=DIRECTION('',(0.,0.,-1.));
#3975=DIRECTION('',(-2.03710646720212E-16,1.,0.));
#3976=DIRECTION('center_axis',(0.,0.,-1.));
#3977=DIRECTION('ref_axis',(-1.,0.,0.));
#3978=DIRECTION('center_axis',(0.,0.,-1.));
#3979=DIRECTION('ref_axis',(-1.,0.,0.));
#3980=DIRECTION('center_axis',(1.,2.03710646720212E-16,0.));
#3981=DIRECTION('ref_axis',(2.03710646720212E-16,-1.,0.));
#3982=DIRECTION('',(0.,0.,-1.));
#3983=DIRECTION('',(2.03710646720212E-16,-1.,0.));
#3984=DIRECTION('',(0.,0.,-1.));
#3985=DIRECTION('center_axis',(0.,0.,-1.));
#3986=DIRECTION('ref_axis',(-1.,0.,0.));
#3987=DIRECTION('',(0.,0.,-1.));
#3988=DIRECTION('center_axis',(0.,0.,-1.));
#3989=DIRECTION('ref_axis',(-1.,0.,0.));
#3990=DIRECTION('center_axis',(-1.,-2.03710646720212E-16,0.));
#3991=DIRECTION('ref_axis',(-2.03710646720212E-16,1.,0.));
#3992=DIRECTION('',(0.,0.,-1.));
#3993=DIRECTION('',(-2.03710646720212E-16,1.,0.));
#3994=DIRECTION('center_axis',(0.,0.,-1.));
#3995=DIRECTION('ref_axis',(-1.,0.,0.));
#3996=DIRECTION('center_axis',(0.,0.,-1.));
#3997=DIRECTION('ref_axis',(-1.,0.,0.));
#3998=DIRECTION('center_axis',(1.,2.03710646720212E-16,0.));
#3999=DIRECTION('ref_axis',(2.03710646720212E-16,-1.,0.));
#4000=DIRECTION('',(0.,0.,-1.));
#4001=DIRECTION('',(2.03710646720212E-16,-1.,0.));
#4002=DIRECTION('',(0.,0.,-1.));
#4003=DIRECTION('center_axis',(0.,0.,-1.));
#4004=DIRECTION('ref_axis',(-1.,0.,0.));
#4005=DIRECTION('',(0.,0.,-1.));
#4006=DIRECTION('center_axis',(0.,0.,-1.));
#4007=DIRECTION('ref_axis',(-1.,0.,0.));
#4008=DIRECTION('center_axis',(-1.,-2.03710646720212E-16,0.));
#4009=DIRECTION('ref_axis',(-2.03710646720212E-16,1.,0.));
#4010=DIRECTION('',(0.,0.,-1.));
#4011=DIRECTION('',(-2.03710646720212E-16,1.,0.));
#4012=DIRECTION('center_axis',(0.,0.,-1.));
#4013=DIRECTION('ref_axis',(-1.,0.,0.));
#4014=DIRECTION('center_axis',(0.,0.,-1.));
#4015=DIRECTION('ref_axis',(-1.,0.,0.));
#4016=DIRECTION('center_axis',(1.,2.03710646720212E-16,0.));
#4017=DIRECTION('ref_axis',(2.03710646720212E-16,-1.,0.));
#4018=DIRECTION('',(0.,0.,-1.));
#4019=DIRECTION('',(2.03710646720212E-16,-1.,0.));
#4020=DIRECTION('',(0.,0.,-1.));
#4021=DIRECTION('center_axis',(0.,0.,-1.));
#4022=DIRECTION('ref_axis',(-1.,0.,0.));
#4023=DIRECTION('',(0.,0.,-1.));
#4024=DIRECTION('center_axis',(0.,0.,-1.));
#4025=DIRECTION('ref_axis',(-1.,0.,0.));
#4026=DIRECTION('center_axis',(-1.,-2.03710646720212E-16,0.));
#4027=DIRECTION('ref_axis',(-2.03710646720212E-16,1.,0.));
#4028=DIRECTION('',(0.,0.,-1.));
#4029=DIRECTION('',(-2.03710646720212E-16,1.,0.));
#4030=DIRECTION('center_axis',(0.,0.,-1.));
#4031=DIRECTION('ref_axis',(-1.,0.,0.));
#4032=DIRECTION('center_axis',(0.,0.,-1.));
#4033=DIRECTION('ref_axis',(-1.,0.,0.));
#4034=DIRECTION('center_axis',(1.,2.03710646720212E-16,0.));
#4035=DIRECTION('ref_axis',(2.03710646720212E-16,-1.,0.));
#4036=DIRECTION('',(0.,0.,-1.));
#4037=DIRECTION('',(2.03710646720212E-16,-1.,0.));
#4038=DIRECTION('',(0.,0.,-1.));
#4039=DIRECTION('center_axis',(0.,0.,-1.));
#4040=DIRECTION('ref_axis',(-1.,0.,0.));
#4041=DIRECTION('',(0.,0.,-1.));
#4042=DIRECTION('center_axis',(0.,0.,-1.));
#4043=DIRECTION('ref_axis',(-1.,0.,0.));
#4044=DIRECTION('center_axis',(-1.,-2.03710646720212E-16,0.));
#4045=DIRECTION('ref_axis',(-2.03710646720212E-16,1.,0.));
#4046=DIRECTION('',(0.,0.,-1.));
#4047=DIRECTION('',(-2.03710646720212E-16,1.,0.));
#4048=DIRECTION('center_axis',(0.,0.,-1.));
#4049=DIRECTION('ref_axis',(-1.,0.,0.));
#4050=DIRECTION('center_axis',(0.,0.,-1.));
#4051=DIRECTION('ref_axis',(-1.,0.,0.));
#4052=DIRECTION('center_axis',(1.,2.03710646720212E-16,0.));
#4053=DIRECTION('ref_axis',(2.03710646720212E-16,-1.,0.));
#4054=DIRECTION('',(0.,0.,-1.));
#4055=DIRECTION('',(2.03710646720212E-16,-1.,0.));
#4056=DIRECTION('',(0.,0.,-1.));
#4057=DIRECTION('center_axis',(0.,0.,-1.));
#4058=DIRECTION('ref_axis',(-1.,0.,0.));
#4059=DIRECTION('',(0.,0.,-1.));
#4060=DIRECTION('center_axis',(0.,0.,-1.));
#4061=DIRECTION('ref_axis',(-1.,0.,0.));
#4062=DIRECTION('center_axis',(-1.,-2.03710646720212E-16,0.));
#4063=DIRECTION('ref_axis',(-2.03710646720212E-16,1.,0.));
#4064=DIRECTION('',(0.,0.,-1.));
#4065=DIRECTION('',(-2.03710646720212E-16,1.,0.));
#4066=DIRECTION('center_axis',(0.,0.,-1.));
#4067=DIRECTION('ref_axis',(-1.,0.,0.));
#4068=DIRECTION('center_axis',(0.,0.,-1.));
#4069=DIRECTION('ref_axis',(-1.,0.,0.));
#4070=DIRECTION('center_axis',(1.,2.03710646720212E-16,0.));
#4071=DIRECTION('ref_axis',(2.03710646720212E-16,-1.,0.));
#4072=DIRECTION('',(0.,0.,-1.));
#4073=DIRECTION('',(2.03710646720212E-16,-1.,0.));
#4074=DIRECTION('',(0.,0.,-1.));
#4075=DIRECTION('center_axis',(0.,0.,-1.));
#4076=DIRECTION('ref_axis',(-1.,0.,0.));
#4077=DIRECTION('',(0.,0.,-1.));
#4078=DIRECTION('center_axis',(0.,0.,-1.));
#4079=DIRECTION('ref_axis',(-1.,0.,0.));
#4080=DIRECTION('center_axis',(-1.,-2.03710646720212E-16,0.));
#4081=DIRECTION('ref_axis',(-2.03710646720212E-16,1.,0.));
#4082=DIRECTION('',(0.,0.,-1.));
#4083=DIRECTION('',(-2.03710646720212E-16,1.,0.));
#4084=DIRECTION('center_axis',(0.,0.,-1.));
#4085=DIRECTION('ref_axis',(-1.,0.,0.));
#4086=DIRECTION('center_axis',(0.,0.,-1.));
#4087=DIRECTION('ref_axis',(-1.,0.,0.));
#4088=DIRECTION('center_axis',(1.,2.03710646720212E-16,0.));
#4089=DIRECTION('ref_axis',(2.03710646720212E-16,-1.,0.));
#4090=DIRECTION('',(0.,0.,-1.));
#4091=DIRECTION('',(2.03710646720212E-16,-1.,0.));
#4092=DIRECTION('',(0.,0.,-1.));
#4093=DIRECTION('center_axis',(0.,0.,-1.));
#4094=DIRECTION('ref_axis',(-1.,0.,0.));
#4095=DIRECTION('',(0.,0.,-1.));
#4096=DIRECTION('center_axis',(0.,0.,-1.));
#4097=DIRECTION('ref_axis',(-1.,0.,0.));
#4098=DIRECTION('center_axis',(-1.,-2.03710646720212E-16,0.));
#4099=DIRECTION('ref_axis',(-2.03710646720212E-16,1.,0.));
#4100=DIRECTION('',(0.,0.,-1.));
#4101=DIRECTION('',(-2.03710646720212E-16,1.,0.));
#4102=DIRECTION('center_axis',(0.,0.,-1.));
#4103=DIRECTION('ref_axis',(-1.,0.,0.));
#4104=DIRECTION('center_axis',(0.,0.,-1.));
#4105=DIRECTION('ref_axis',(-1.,0.,0.));
#4106=DIRECTION('center_axis',(1.,2.03710646720212E-16,0.));
#4107=DIRECTION('ref_axis',(2.03710646720212E-16,-1.,0.));
#4108=DIRECTION('',(0.,0.,-1.));
#4109=DIRECTION('',(2.03710646720212E-16,-1.,0.));
#4110=DIRECTION('',(0.,0.,-1.));
#4111=DIRECTION('center_axis',(0.,0.,-1.));
#4112=DIRECTION('ref_axis',(-1.,0.,0.));
#4113=DIRECTION('',(0.,0.,-1.));
#4114=DIRECTION('center_axis',(0.,0.,-1.));
#4115=DIRECTION('ref_axis',(-1.,0.,0.));
#4116=DIRECTION('center_axis',(-1.,-2.03710646720212E-16,0.));
#4117=DIRECTION('ref_axis',(-2.03710646720212E-16,1.,0.));
#4118=DIRECTION('',(0.,0.,-1.));
#4119=DIRECTION('',(-2.03710646720212E-16,1.,0.));
#4120=DIRECTION('center_axis',(0.,0.,-1.));
#4121=DIRECTION('ref_axis',(-1.,0.,0.));
#4122=DIRECTION('center_axis',(0.,0.,-1.));
#4123=DIRECTION('ref_axis',(-1.,0.,0.));
#4124=DIRECTION('center_axis',(1.,2.03710646720212E-16,0.));
#4125=DIRECTION('ref_axis',(2.03710646720212E-16,-1.,0.));
#4126=DIRECTION('',(0.,0.,-1.));
#4127=DIRECTION('',(2.03710646720212E-16,-1.,0.));
#4128=DIRECTION('',(0.,0.,-1.));
#4129=DIRECTION('center_axis',(0.,0.,-1.));
#4130=DIRECTION('ref_axis',(-1.,0.,0.));
#4131=DIRECTION('',(0.,0.,-1.));
#4132=DIRECTION('center_axis',(0.,0.,-1.));
#4133=DIRECTION('ref_axis',(-1.,0.,0.));
#4134=DIRECTION('center_axis',(-1.,-2.03710646720212E-16,0.));
#4135=DIRECTION('ref_axis',(-2.03710646720212E-16,1.,0.));
#4136=DIRECTION('',(0.,0.,-1.));
#4137=DIRECTION('',(-2.03710646720212E-16,1.,0.));
#4138=DIRECTION('center_axis',(0.,0.,-1.));
#4139=DIRECTION('ref_axis',(-1.,0.,0.));
#4140=DIRECTION('center_axis',(0.,0.,-1.));
#4141=DIRECTION('ref_axis',(-1.,0.,0.));
#4142=DIRECTION('center_axis',(0.,0.,-1.));
#4143=DIRECTION('ref_axis',(1.,0.,0.));
#4144=DIRECTION('',(0.,1.,0.));
#4145=DIRECTION('',(-1.,0.,0.));
#4146=DIRECTION('center_axis',(0.,0.,1.));
#4147=DIRECTION('ref_axis',(1.,0.,0.));
#4148=DIRECTION('center_axis',(0.,0.,-1.));
#4149=DIRECTION('ref_axis',(1.,0.,0.));
#4150=DIRECTION('center_axis',(0.,0.,-1.));
#4151=DIRECTION('ref_axis',(0.707106781186546,-0.707106781186549,0.));
#4152=DIRECTION('',(-1.,0.,0.));
#4153=DIRECTION('center_axis',(0.,0.,-1.));
#4154=DIRECTION('ref_axis',(-0.707106781186547,-0.707106781186548,0.));
#4155=DIRECTION('',(5.48258283765509E-17,1.,0.));
#4156=DIRECTION('center_axis',(0.,0.,-1.));
#4157=DIRECTION('ref_axis',(-0.707106781186548,0.707106781186548,0.));
#4158=DIRECTION('center_axis',(0.,0.,-1.));
#4159=DIRECTION('ref_axis',(0.707106781186548,0.707106781186548,0.));
#4160=DIRECTION('center_axis',(0.,-1.,0.));
#4161=DIRECTION('ref_axis',(-1.,0.,0.));
#4162=DIRECTION('',(1.,0.,0.));
#4163=DIRECTION('',(0.,0.,-1.));
#4164=DIRECTION('center_axis',(-1.,0.,0.));
#4165=DIRECTION('ref_axis',(0.,1.,0.));
#4166=DIRECTION('',(0.,-1.,0.));
#4167=DIRECTION('',(0.,0.,-1.));
#4168=DIRECTION('center_axis',(0.,0.,-1.));
#4169=DIRECTION('ref_axis',(1.,0.,0.));
#4170=DIRECTION('center_axis',(0.,0.,-1.));
#4171=DIRECTION('ref_axis',(1.,0.,0.));
#4172=DIRECTION('center_axis',(0.,1.,0.));
#4173=DIRECTION('ref_axis',(-1.,0.,0.));
#4174=DIRECTION('',(0.,0.,1.));
#4175=DIRECTION('center_axis',(0.,0.,1.));
#4176=DIRECTION('ref_axis',(0.707106781186546,-0.707106781186549,0.));
#4177=DIRECTION('',(0.,0.,-1.));
#4178=DIRECTION('center_axis',(0.,0.,1.));
#4179=DIRECTION('ref_axis',(0.707106781186548,0.707106781186548,0.));
#4180=DIRECTION('center_axis',(0.,0.,1.));
#4181=DIRECTION('ref_axis',(-0.707106781186548,0.707106781186548,0.));
#4182=DIRECTION('',(0.,0.,1.));
#4183=DIRECTION('center_axis',(-1.,5.48258283765509E-17,0.));
#4184=DIRECTION('ref_axis',(-5.48258283765509E-17,-1.,0.));
#4185=DIRECTION('',(0.,0.,-1.));
#4186=DIRECTION('center_axis',(0.,0.,1.));
#4187=DIRECTION('ref_axis',(-0.707106781186547,-0.707106781186548,0.));
#4188=DIRECTION('',(0.,0.,1.));
#4189=DIRECTION('center_axis',(0.,-1.,0.));
#4190=DIRECTION('ref_axis',(1.,0.,0.));
#4191=DIRECTION('center_axis',(0.,0.,-1.));
#4192=DIRECTION('ref_axis',(-1.,0.,0.));
#4193=DIRECTION('center_axis',(0.,0.,-1.));
#4194=DIRECTION('ref_axis',(1.,0.,0.));
#4195=DIRECTION('center_axis',(0.,-1.,0.));
#4196=DIRECTION('ref_axis',(1.,0.,0.));
#4197=DIRECTION('center_axis',(0.,0.,1.));
#4198=DIRECTION('ref_axis',(1.,0.,0.));
#4199=DIRECTION('center_axis',(0.,0.,-1.));
#4200=DIRECTION('ref_axis',(1.,0.,0.));
#4201=DIRECTION('center_axis',(0.,0.,1.));
#4202=DIRECTION('ref_axis',(1.,0.,0.));
#4203=DIRECTION('center_axis',(0.,0.,1.));
#4204=DIRECTION('ref_axis',(1.,0.,0.));
#4205=DIRECTION('',(0.,0.,-1.));
#4206=DIRECTION('center_axis',(0.,0.,1.));
#4207=DIRECTION('ref_axis',(1.,0.,0.));
#4208=DIRECTION('',(0.,-1.,0.));
#4209=DIRECTION('center_axis',(0.,0.,1.));
#4210=DIRECTION('ref_axis',(-1.,0.,0.));
#4211=DIRECTION('',(1.,0.,0.));
#4212=DIRECTION('',(1.,0.,0.));
#4213=DIRECTION('center_axis',(0.,0.,1.));
#4214=DIRECTION('ref_axis',(1.,0.,0.));
#4215=DIRECTION('center_axis',(0.,0.,-1.));
#4216=DIRECTION('ref_axis',(1.,0.,0.));
#4217=DIRECTION('center_axis',(0.,-1.,0.));
#4218=DIRECTION('ref_axis',(-1.,0.,0.));
#4219=DIRECTION('center_axis',(0.,0.,1.));
#4220=DIRECTION('ref_axis',(1.,0.,0.));
#4221=DIRECTION('center_axis',(0.,-1.,0.));
#4222=DIRECTION('ref_axis',(1.,0.,0.));
#4223=DIRECTION('',(0.,0.,1.));
#4224=DIRECTION('center_axis',(0.,0.,1.));
#4225=DIRECTION('ref_axis',(-1.,0.,0.));
#4226=DIRECTION('',(0.,0.,1.));
#4227=DIRECTION('center_axis',(0.707106781186548,0.707106781186547,0.));
#4228=DIRECTION('ref_axis',(-0.707106781186547,0.707106781186548,0.));
#4229=DIRECTION('',(-0.707106781186547,0.707106781186548,0.));
#4230=DIRECTION('',(0.,0.,1.));
#4231=DIRECTION('center_axis',(0.,0.,1.));
#4232=DIRECTION('ref_axis',(1.,0.,0.));
#4233=DIRECTION('',(0.,1.,0.));
#4234=DIRECTION('',(-1.,0.,0.));
#4235=DIRECTION('center_axis',(1.,0.,0.));
#4236=DIRECTION('ref_axis',(0.,1.,0.));
#4237=DIRECTION('',(0.,0.,1.));
#4238=DIRECTION('center_axis',(-0.707106781186548,0.707106781186548,0.));
#4239=DIRECTION('ref_axis',(-0.707106781186548,-0.707106781186548,0.));
#4240=DIRECTION('',(0.,0.,-1.));
#4241=DIRECTION('',(-0.707106781186548,-0.707106781186548,0.));
#4242=DIRECTION('center_axis',(0.,0.,1.));
#4243=DIRECTION('ref_axis',(1.,0.,0.));
#4244=DIRECTION('',(-1.,0.,0.));
#4245=DIRECTION('center_axis',(-1.,0.,0.));
#4246=DIRECTION('ref_axis',(0.,-1.,0.));
#4247=DIRECTION('',(0.,0.,1.));
#4248=DIRECTION('',(0.,0.,1.));
#4249=DIRECTION('center_axis',(0.,-1.,0.));
#4250=DIRECTION('ref_axis',(1.,0.,0.));
#4251=DIRECTION('center_axis',(0.,1.,0.));
#4252=DIRECTION('ref_axis',(-1.,0.,0.));
#4253=DIRECTION('center_axis',(0.,-1.,0.));
#4254=DIRECTION('ref_axis',(1.,0.,0.));
#4255=DIRECTION('',(0.,0.,1.));
#4256=DIRECTION('center_axis',(1.,-5.9211894646675E-17,0.));
#4257=DIRECTION('ref_axis',(5.9211894646675E-17,1.,0.));
#4258=DIRECTION('center_axis',(0.707106781186548,-0.707106781186547,0.));
#4259=DIRECTION('ref_axis',(0.707106781186547,0.707106781186548,0.));
#4260=DIRECTION('',(0.707106781186547,0.707106781186548,0.));
#4261=DIRECTION('center_axis',(0.,0.,1.));
#4262=DIRECTION('ref_axis',(1.,0.,0.));
#4263=DIRECTION('center_axis',(0.,0.,1.));
#4264=DIRECTION('ref_axis',(1.,0.,0.));
#4265=CARTESIAN_POINT('',(0.,0.,0.));
#4266=CARTESIAN_POINT('Origin',(-2.14163101535139,4.87293230541029,-0.0121905091620489));
#4267=CARTESIAN_POINT('',(-1.6482052142199,4.9479323054103,0.559169440652007));
#4268=CARTESIAN_POINT('',(-1.46,4.9479323054103,0.826836251870041));
#4269=CARTESIAN_POINT('',(-2.08027904282602,4.9479323054103,-0.0553290704181402));
#4270=CARTESIAN_POINT('',(-1.46,4.79793230541029,1.08762380881276));
#4271=CARTESIAN_POINT('',(-1.46,5.14449748427532,0.485091233361913));
#4272=CARTESIAN_POINT('',(-1.74987711166859,4.79793230541029,0.675358492747882));
#4273=CARTESIAN_POINT('',(-2.20298298787677,4.79793230541029,0.0309480520940425));
#4274=CARTESIAN_POINT('Ctrl Pts',(-1.74987711166859,4.79793230541029,0.675358492747882));
#4275=CARTESIAN_POINT('Ctrl Pts',(-1.71573676954875,4.84788526197639,0.637065736508105));
#4276=CARTESIAN_POINT('Ctrl Pts',(-1.68167809034144,4.898097932614,0.598205304031215));
#4277=CARTESIAN_POINT('Ctrl Pts',(-1.6482052142199,4.9479323054103,0.559169440652007));
#4278=CARTESIAN_POINT('Origin',(-1.26,4.87293230541029,-0.225));
#4279=CARTESIAN_POINT('',(-2.185,4.79793230541029,-0.666588043316393));
#4280=CARTESIAN_POINT('',(-2.185,4.79793230541029,0.216588043316393));
#4281=CARTESIAN_POINT('Ctrl Pts',(-2.185,4.79793230541029,-0.666588043316394));
#4282=CARTESIAN_POINT('Ctrl Pts',(-2.185,4.98817620784932,-0.225));
#4283=CARTESIAN_POINT('Ctrl Pts',(-2.185,4.79793230541029,0.216588043316393));
#4284=CARTESIAN_POINT('',(-1.79385391260157,4.7979323054103,-1.1));
#4285=CARTESIAN_POINT('Origin',(-1.26,4.79793230541029,-0.225));
#4286=CARTESIAN_POINT('',(-1.26,4.94793230541029,-1.1));
#4287=CARTESIAN_POINT('Ctrl Pts',(-1.26,4.9479323054103,-1.1));
#4288=CARTESIAN_POINT('Ctrl Pts',(-1.50585377554019,4.9479323054103,-1.1));
#4289=CARTESIAN_POINT('Ctrl Pts',(-1.79385391260157,4.79793230541029,-1.1));
#4290=CARTESIAN_POINT('Origin',(-1.26,4.9479323054103,-0.225));
#4291=CARTESIAN_POINT('Origin',(-1.26,4.79793230541029,-0.225));
#4292=CARTESIAN_POINT('Origin',(-1.46,4.79793230541029,0.626836251870041));
#4293=CARTESIAN_POINT('',(-1.46,5.1979323054103,0.826836251870041));
#4294=CARTESIAN_POINT('',(-1.46,4.79793230541029,0.826836251870041));
#4295=CARTESIAN_POINT('',(-1.46,5.1979323054103,1.1));
#4296=CARTESIAN_POINT('',(-1.46,5.1979323054103,-0.236581874064979));
#4297=CARTESIAN_POINT('',(-1.46,4.79793230541029,1.1));
#4298=CARTESIAN_POINT('',(-1.46,4.26146615270515,1.1));
#4299=CARTESIAN_POINT('',(-1.46,4.79793230541029,-0.236581874064979));
#4300=CARTESIAN_POINT('Origin',(-1.55410260710995,4.79793230541029,0.693002846261024));
#4301=CARTESIAN_POINT('',(-1.6482052142199,5.1979323054103,0.559169440652007));
#4302=CARTESIAN_POINT('',(-1.6482052142199,4.79793230541029,0.559169440652007));
#4303=CARTESIAN_POINT('',(-1.77425854376786,5.1979323054103,0.379895487465479));
#4304=CARTESIAN_POINT('Origin',(-2.185,4.79793230541029,-1.1));
#4305=CARTESIAN_POINT('',(-2.185,4.79793230541029,-1.1));
#4306=CARTESIAN_POINT('',(-2.185,4.79793230541029,-0.55));
#4307=CARTESIAN_POINT('',(-0.229999999999999,4.7979323054103,-1.1));
#4308=CARTESIAN_POINT('Origin',(-1.26,4.79793230541029,-0.225));
#4309=CARTESIAN_POINT('',(-0.871794785780099,4.9479323054103,0.559169440652006));
#4310=CARTESIAN_POINT('Origin',(-1.26,4.9479323054103,-0.225));
#4311=CARTESIAN_POINT('',(-0.871794785780099,5.1979323054103,0.559169440652006));
#4312=CARTESIAN_POINT('',(-0.871794785780099,4.79793230541029,0.559169440652006));
#4313=CARTESIAN_POINT('',(-1.26,5.19793230541029,-1.1));
#4314=CARTESIAN_POINT('Origin',(-1.26,5.1979323054103,-0.225));
#4315=CARTESIAN_POINT('Origin',(-1.26,5.1979323054103,-0.225));
#4316=CARTESIAN_POINT('Origin',(-1.26,4.87293230541029,-0.225));
#4317=CARTESIAN_POINT('',(-0.335,4.7979323054103,0.216588043316393));
#4318=CARTESIAN_POINT('',(-0.335,4.7979323054103,-0.666588043316393));
#4319=CARTESIAN_POINT('Ctrl Pts',(-0.335,4.79793230541029,0.216588043316394));
#4320=CARTESIAN_POINT('Ctrl Pts',(-0.335,4.98817620784932,-0.225));
#4321=CARTESIAN_POINT('Ctrl Pts',(-0.335,4.79793230541029,-0.666588043316395));
#4322=CARTESIAN_POINT('',(-1.02131839873391,4.79793230541029,0.771822999943849));
#4323=CARTESIAN_POINT('Origin',(-1.26,4.79793230541029,-0.225));
#4324=CARTESIAN_POINT('Ctrl Pts',(-1.02131839873391,4.79793230541029,0.771822999943849));
#4325=CARTESIAN_POINT('Ctrl Pts',(-0.940654344377247,4.89071621254457,0.657102000852197));
#4326=CARTESIAN_POINT('Ctrl Pts',(-0.871794785780099,4.9479323054103,0.559169440652006));
#4327=CARTESIAN_POINT('',(-0.726146087398434,4.7979323054103,-1.1));
#4328=CARTESIAN_POINT('Ctrl Pts',(-0.72614608739838,4.79793230541027,-1.1));
#4329=CARTESIAN_POINT('Ctrl Pts',(-1.01414622445978,4.9479323054103,-1.1));
#4330=CARTESIAN_POINT('Ctrl Pts',(-1.26,4.94793230541029,-1.1));
#4331=CARTESIAN_POINT('Origin',(-1.26,4.79793230541029,-0.225));
#4332=CARTESIAN_POINT('Origin',(-2.185,4.79793230541029,-1.1));
#4333=CARTESIAN_POINT('',(-0.335,4.79793230541029,-1.1));
#4334=CARTESIAN_POINT('',(-0.229999999999999,4.7979323054103,-1.1));
#4335=CARTESIAN_POINT('',(-0.335,4.7979323054103,-0.55));
#4336=CARTESIAN_POINT('Origin',(0.0649999999999999,5.285,-0.322));
#4337=CARTESIAN_POINT('',(0.332466835373366,5.58242476691654,-0.244));
#4338=CARTESIAN_POINT('',(0.190520838961376,5.49423794824657,-0.4));
#4339=CARTESIAN_POINT('Ctrl Pts',(0.332466835373366,5.58242476691654,-0.244));
#4340=CARTESIAN_POINT('Ctrl Pts',(0.332178462465193,5.57123054639234,-0.252516421548446));
#4341=CARTESIAN_POINT('Ctrl Pts',(0.32998890435988,5.56026798475001,-0.261936997782907));
#4342=CARTESIAN_POINT('Ctrl Pts',(0.320787487141821,5.53549435464229,-0.286042705118255));
#4343=CARTESIAN_POINT('Ctrl Pts',(0.311979205657431,5.52270310780219,-0.301215088596369));
#4344=CARTESIAN_POINT('Ctrl Pts',(0.294149811974583,5.50554335430246,-0.325960682532859));
#4345=CARTESIAN_POINT('Ctrl Pts',(0.284539087340647,5.49878076181606,-0.337598467240074));
#4346=CARTESIAN_POINT('Ctrl Pts',(0.262835126634234,5.48897081193004,-0.359878364832965));
#4347=CARTESIAN_POINT('Ctrl Pts',(0.250755359583458,5.48590354343485,-0.370524824914421));
#4348=CARTESIAN_POINT('Ctrl Pts',(0.230302785868318,5.48469621958399,-0.384828386439014));
#4349=CARTESIAN_POINT('Ctrl Pts',(0.220999718779353,5.48519191495669,-0.390358284608119));
#4350=CARTESIAN_POINT('Ctrl Pts',(0.204461685833756,5.48873976442231,-0.397188771400457));
#4351=CARTESIAN_POINT('Ctrl Pts',(0.19728492678543,5.49110943003261,-0.399203158826459));
#4352=CARTESIAN_POINT('Ctrl Pts',(0.190520838961278,5.49423794824661,-0.400000000000011));
#4353=CARTESIAN_POINT('',(0.177261589965512,5.50164102893592,-0.4));
#4354=CARTESIAN_POINT('Origin',(0.0649999999999999,5.285,-0.4));
#4355=CARTESIAN_POINT('',(0.1325,5.585,-0.336500000000001));
#4356=CARTESIAN_POINT('Ctrl Pts',(0.177261589965475,5.50164102893595,-0.399999999999995));
#4357=CARTESIAN_POINT('Ctrl Pts',(0.171049220475013,5.50575769938929,-0.399203158826433));
#4358=CARTESIAN_POINT('Ctrl Pts',(0.165266326624578,5.51062383998078,-0.397188771400436));
#4359=CARTESIAN_POINT('Ctrl Pts',(0.153568626167688,5.52284094166487,-0.390358284608118));
#4360=CARTESIAN_POINT('Ctrl Pts',(0.148265355506889,5.53050045153579,-0.384828386439015));
#4361=CARTESIAN_POINT('Ctrl Pts',(0.138561734851005,5.54854498391046,-0.370524824914422));
#4362=CARTESIAN_POINT('Ctrl Pts',(0.134834650630695,5.56043774436535,-0.359878364832966));
#4363=CARTESIAN_POINT('Ctrl Pts',(0.132765942302849,5.57652993266424,-0.34470149209741));
#4364=CARTESIAN_POINT('Ctrl Pts',(0.1325,5.58079896296677,-0.340598572715343));
#4365=CARTESIAN_POINT('Ctrl Pts',(0.1325,5.585,-0.336500000000002));
#4366=CARTESIAN_POINT('',(0.1325,5.67926355398388,-0.244));
#4367=CARTESIAN_POINT('Ctrl Pts',(0.1325,5.67926355398388,-0.244000000000001));
#4368=CARTESIAN_POINT('Ctrl Pts',(0.1325,5.62596967187291,-0.296529588416675));
#4369=CARTESIAN_POINT('Ctrl Pts',(0.1325,5.58500000000009,-0.336499999999916));
#4370=CARTESIAN_POINT('Origin',(0.0649999999999999,5.285,-0.244));
#4371=CARTESIAN_POINT('Origin',(0.0649999999999999,5.285,0.));
#4372=CARTESIAN_POINT('',(0.332466835373366,5.58242476691654,-1.1));
#4373=CARTESIAN_POINT('',(0.332466835373366,5.58242476691654,-0.4));
#4374=CARTESIAN_POINT('',(0.1325,5.67926355398388,-1.1));
#4375=CARTESIAN_POINT('',(0.1325,5.67926355398388,0.));
#4376=CARTESIAN_POINT('',(-0.335,5.285,-1.1));
#4377=CARTESIAN_POINT('Origin',(0.0649999999999999,5.285,-1.1));
#4378=CARTESIAN_POINT('',(-0.335,5.285,-0.4));
#4379=CARTESIAN_POINT('',(-0.335,5.285,0.));
#4380=CARTESIAN_POINT('',(-0.335,5.285,0.));
#4381=CARTESIAN_POINT('',(-0.335,5.285,0.));
#4382=CARTESIAN_POINT('',(-0.335,5.285,1.3));
#4383=CARTESIAN_POINT('',(-0.335,5.285,0.));
#4384=CARTESIAN_POINT('',(-0.0350000000000001,5.67229833462074,1.3));
#4385=CARTESIAN_POINT('Origin',(0.0649999999999999,5.285,1.3));
#4386=CARTESIAN_POINT('',(-0.0350000000000001,5.67229833462074,0.3));
#4387=CARTESIAN_POINT('',(-0.0350000000000001,5.67229833462074,0.));
#4388=CARTESIAN_POINT('',(0.465,5.285,0.3));
#4389=CARTESIAN_POINT('Origin',(0.0649999999999999,5.285,0.3));
#4390=CARTESIAN_POINT('',(0.465,5.285,-1.1));
#4391=CARTESIAN_POINT('',(0.465,5.285,0.));
#4392=CARTESIAN_POINT('Origin',(0.0649999999999999,5.285,-1.1));
#4393=CARTESIAN_POINT('Origin',(5.785,5.4449679486355,1.2158));
#4394=CARTESIAN_POINT('',(5.785,5.435,1.205));
#4395=CARTESIAN_POINT('',(5.785,5.454935897271,1.2266));
#4396=CARTESIAN_POINT('',(5.785,5.90851778812145,1.71804358586858));
#4397=CARTESIAN_POINT('',(5.35,5.435,1.205));
#4398=CARTESIAN_POINT('',(5.785,5.435,1.205));
#4399=CARTESIAN_POINT('',(5.35,5.454935897271,1.2266));
#4400=CARTESIAN_POINT('',(5.35,5.47611778812145,1.24955));
#4401=CARTESIAN_POINT('',(5.785,5.454935897271,1.2266));
#4402=CARTESIAN_POINT('Origin',(5.785,7.315,1.35));
#4403=CARTESIAN_POINT('',(5.785,5.5536,1.31051531942639));
#4404=CARTESIAN_POINT('Origin',(5.785,5.435,1.35));
#4405=CARTESIAN_POINT('',(5.785,5.50380735915788,1.35));
#4406=CARTESIAN_POINT('',(5.785,6.0722382828788,0.899244364795862));
#4407=CARTESIAN_POINT('',(5.785,7.24619264084212,1.35));
#4408=CARTESIAN_POINT('',(5.785,5.515,1.35));
#4409=CARTESIAN_POINT('',(5.785,7.1964,1.31051531942639));
#4410=CARTESIAN_POINT('',(5.785,7.25486631208772,1.35687806737584));
#4411=CARTESIAN_POINT('',(5.785,7.295064102729,1.2266));
#4412=CARTESIAN_POINT('Origin',(5.785,7.315,1.35));
#4413=CARTESIAN_POINT('',(5.785,7.315,1.205));
#4414=CARTESIAN_POINT('',(5.785,7.27388221187855,1.24955));
#4415=CARTESIAN_POINT('',(5.785,7.315,-0.25));
#4416=CARTESIAN_POINT('',(5.785,7.315,1.35));
#4417=CARTESIAN_POINT('',(5.785,5.435,-0.25));
#4418=CARTESIAN_POINT('',(5.785,7.315,-0.25));
#4419=CARTESIAN_POINT('',(5.785,5.435,1.35));
#4420=CARTESIAN_POINT('Origin',(5.785,5.435,1.35));
#4421=CARTESIAN_POINT('',(5.35,5.5536,1.31051531942639));
#4422=CARTESIAN_POINT('Origin',(5.35,5.435,1.35));
#4423=CARTESIAN_POINT('',(5.785,5.5536,1.31051531942639));
#4424=CARTESIAN_POINT('Origin',(5.35,7.3050320513645,1.2158));
#4425=CARTESIAN_POINT('',(5.35,7.315,1.205));
#4426=CARTESIAN_POINT('',(5.35,7.295064102729,1.2266));
#4427=CARTESIAN_POINT('',(5.35,6.84148221187855,1.71804358586858));
#4428=CARTESIAN_POINT('',(5.35,7.315,1.205));
#4429=CARTESIAN_POINT('',(5.35,7.295064102729,1.2266));
#4430=CARTESIAN_POINT('Origin',(5.35,5.435,1.35));
#4431=CARTESIAN_POINT('',(5.35,5.435,-0.25));
#4432=CARTESIAN_POINT('',(5.35,5.435,1.35));
#4433=CARTESIAN_POINT('',(5.35,7.315,-0.25));
#4434=CARTESIAN_POINT('',(5.35,5.435,-0.25));
#4435=CARTESIAN_POINT('',(5.35,7.315,1.35));
#4436=CARTESIAN_POINT('',(5.35,7.1964,1.31051531942639));
#4437=CARTESIAN_POINT('Origin',(5.35,7.315,1.35));
#4438=CARTESIAN_POINT('',(5.35,7.24619264084212,1.35));
#4439=CARTESIAN_POINT('',(5.35,6.6777617171212,0.899244364795861));
#4440=CARTESIAN_POINT('',(5.35,5.50380735915788,1.35));
#4441=CARTESIAN_POINT('',(5.35,4.575,1.35));
#4442=CARTESIAN_POINT('',(5.35,5.49513368791228,1.35687806737584));
#4443=CARTESIAN_POINT('Origin',(5.35,7.315,1.35));
#4444=CARTESIAN_POINT('',(5.35,7.1964,1.31051531942639));
#4445=CARTESIAN_POINT('Origin',(6.06,1.32120171979891,1.175));
#4446=CARTESIAN_POINT('',(6.085,0.557955418549122,1.2));
#4447=CARTESIAN_POINT('',(6.035,0.533977553383083,1.15));
#4448=CARTESIAN_POINT('Ctrl Pts',(6.085,0.557955418549122,1.2));
#4449=CARTESIAN_POINT('Ctrl Pts',(6.06791761294515,0.552130395386359,1.18291761294515));
#4450=CARTESIAN_POINT('Ctrl Pts',(6.05107775506645,0.543714306516089,1.16607775506645));
#4451=CARTESIAN_POINT('Ctrl Pts',(6.035,0.533977553383083,1.15));
#4452=CARTESIAN_POINT('',(6.085,1.57561715354884,1.2));
#4453=CARTESIAN_POINT('',(6.085,1.32120171979891,1.2));
#4454=CARTESIAN_POINT('',(6.03500000018468,1.5995950184912,1.15));
#4455=CARTESIAN_POINT('Ctrl Pts',(6.035,1.59959501871488,1.15));
#4456=CARTESIAN_POINT('Ctrl Pts',(6.05107775506645,1.58985826558187,1.16607775506645));
#4457=CARTESIAN_POINT('Ctrl Pts',(6.06791761294515,1.5814421767116,1.18291761294515));
#4458=CARTESIAN_POINT('Ctrl Pts',(6.085,1.57561715354884,1.2));
#4459=CARTESIAN_POINT('',(6.035,1.32120171979891,1.15));
#4460=CARTESIAN_POINT('Ctrl Pts',(5.8678087326659,1.76678628604898,1.35));
#4461=CARTESIAN_POINT('Ctrl Pts',(5.8678087326659,1.76678628604898,1.15));
#4462=CARTESIAN_POINT('Ctrl Pts',(5.88852953242988,1.73257119002721,1.35));
#4463=CARTESIAN_POINT('Ctrl Pts',(5.88852953242988,1.73257119002721,1.15));
#4464=CARTESIAN_POINT('Ctrl Pts',(5.91498927709038,1.70096084514392,1.35));
#4465=CARTESIAN_POINT('Ctrl Pts',(5.91498927709038,1.70096084514392,1.15));
#4466=CARTESIAN_POINT('Ctrl Pts',(5.94463656448566,1.67164557274112,1.35));
#4467=CARTESIAN_POINT('Ctrl Pts',(5.94463656448566,1.67164557274112,1.15));
#4468=CARTESIAN_POINT('Ctrl Pts',(5.96881027779873,1.64774257678362,1.35));
#4469=CARTESIAN_POINT('Ctrl Pts',(5.96881027779873,1.64774257678362,1.15));
#4470=CARTESIAN_POINT('Ctrl Pts',(5.99534704285657,1.62547967227636,1.35));
#4471=CARTESIAN_POINT('Ctrl Pts',(5.99534704285657,1.62547967227636,1.15));
#4472=CARTESIAN_POINT('Ctrl Pts',(6.02248683878463,1.60752607783107,1.35));
#4473=CARTESIAN_POINT('Ctrl Pts',(6.02248683878463,1.60752607783107,1.15));
#4474=CARTESIAN_POINT('Ctrl Pts',(6.03751313152771,1.59758584222132,1.35));
#4475=CARTESIAN_POINT('Ctrl Pts',(6.03751313152771,1.59758584222132,1.15));
#4476=CARTESIAN_POINT('Ctrl Pts',(6.0517366725779,1.58925270692296,1.35));
#4477=CARTESIAN_POINT('Ctrl Pts',(6.0517366725779,1.58925270692296,1.15));
#4478=CARTESIAN_POINT('Ctrl Pts',(6.06969739147673,1.58152704472409,1.35));
#4479=CARTESIAN_POINT('Ctrl Pts',(6.06969739147673,1.58152704472409,1.15));
#4480=CARTESIAN_POINT('Ctrl Pts',(6.07434308577767,1.57952873580058,1.35));
#4481=CARTESIAN_POINT('Ctrl Pts',(6.07434308577767,1.57952873580058,1.15));
#4482=CARTESIAN_POINT('Ctrl Pts',(6.07950648838591,1.57749041823335,1.35));
#4483=CARTESIAN_POINT('Ctrl Pts',(6.07950648838591,1.57749041823335,1.15));
#4484=CARTESIAN_POINT('Ctrl Pts',(6.085,1.57561715354884,1.35));
#4485=CARTESIAN_POINT('Ctrl Pts',(6.085,1.57561715354884,1.15));
#4486=CARTESIAN_POINT('',(6.085,1.57561715354884,1.35));
#4487=CARTESIAN_POINT('',(6.085,1.57561715354884,1.35));
#4488=CARTESIAN_POINT('',(5.8678087326659,1.76678628604898,1.35));
#4489=CARTESIAN_POINT('Ctrl Pts',(5.8678087326659,1.76678628604898,1.35));
#4490=CARTESIAN_POINT('Ctrl Pts',(5.88852953242988,1.73257119002721,1.35));
#4491=CARTESIAN_POINT('Ctrl Pts',(5.91498927709038,1.70096084514392,1.35));
#4492=CARTESIAN_POINT('Ctrl Pts',(5.94463656448566,1.67164557274112,1.35));
#4493=CARTESIAN_POINT('Ctrl Pts',(5.96881027779873,1.64774257678362,1.35));
#4494=CARTESIAN_POINT('Ctrl Pts',(5.99534704285657,1.62547967227636,1.35));
#4495=CARTESIAN_POINT('Ctrl Pts',(6.02248683878463,1.60752607783107,1.35));
#4496=CARTESIAN_POINT('Ctrl Pts',(6.03751313152771,1.59758584222132,1.35));
#4497=CARTESIAN_POINT('Ctrl Pts',(6.0517366725779,1.58925270692296,1.35));
#4498=CARTESIAN_POINT('Ctrl Pts',(6.06969739147673,1.58152704472409,1.35));
#4499=CARTESIAN_POINT('Ctrl Pts',(6.07434308577767,1.57952873580058,1.35));
#4500=CARTESIAN_POINT('Ctrl Pts',(6.07950648838591,1.57749041823335,1.35));
#4501=CARTESIAN_POINT('Ctrl Pts',(6.085,1.57561715354884,1.35));
#4502=CARTESIAN_POINT('',(5.8678087326659,1.76678628604898,1.15));
#4503=CARTESIAN_POINT('',(5.8678087326659,1.76678628604898,1.35));
#4504=CARTESIAN_POINT('Ctrl Pts',(5.8678087326659,1.76678628604898,1.15));
#4505=CARTESIAN_POINT('Ctrl Pts',(5.88852953242988,1.73257119002721,1.15));
#4506=CARTESIAN_POINT('Ctrl Pts',(5.91498927709038,1.70096084514392,1.15));
#4507=CARTESIAN_POINT('Ctrl Pts',(5.94463656448566,1.67164557274112,1.15));
#4508=CARTESIAN_POINT('Ctrl Pts',(5.96881027779873,1.64774257678362,1.15));
#4509=CARTESIAN_POINT('Ctrl Pts',(5.99534704285657,1.62547967227636,1.15));
#4510=CARTESIAN_POINT('Ctrl Pts',(6.02248683878463,1.60752607783107,1.15));
#4511=CARTESIAN_POINT('Ctrl Pts',(6.02662988611589,1.60478535746051,1.15));
#4512=CARTESIAN_POINT('Ctrl Pts',(6.03071190710653,1.60216681117175,1.15));
#4513=CARTESIAN_POINT('Ctrl Pts',(6.0348280614996,1.59964948615756,1.15));
#4514=CARTESIAN_POINT('Origin',(6.085,1.57561715354884,1.35));
#4515=CARTESIAN_POINT('',(6.085,0.557955418549122,1.35));
#4516=CARTESIAN_POINT('',(6.085,0.557955418549122,1.35));
#4517=CARTESIAN_POINT('',(6.085,2.64530857677442,1.35));
#4518=CARTESIAN_POINT('Origin',(5.635,1.76678628604898,1.35));
#4519=CARTESIAN_POINT('',(5.635,1.76678628604898,1.35));
#4520=CARTESIAN_POINT('',(3.68,1.76678628604898,1.35));
#4521=CARTESIAN_POINT('',(5.635,1.76678628604898,1.15));
#4522=CARTESIAN_POINT('',(5.635,1.76678628604898,0.675));
#4523=CARTESIAN_POINT('',(5.8678087326659,1.76678628604898,1.15));
#4524=CARTESIAN_POINT('Origin',(5.8678087326659,0.366786286048981,1.35));
#4525=CARTESIAN_POINT('',(5.8678087326659,0.366786286048981,1.35));
#4526=CARTESIAN_POINT('',(5.635,0.366786286048981,1.35));
#4527=CARTESIAN_POINT('',(3.79640436633295,0.366786286048981,1.35));
#4528=CARTESIAN_POINT('',(5.8678087326659,0.366786286048981,1.15));
#4529=CARTESIAN_POINT('',(5.8678087326659,0.366786286048981,1.35));
#4530=CARTESIAN_POINT('',(5.635,0.366786286048981,1.15));
#4531=CARTESIAN_POINT('',(5.8678087326659,0.366786286048981,1.15));
#4532=CARTESIAN_POINT('',(5.635,0.366786286048981,0.675));
#4533=CARTESIAN_POINT('Ctrl Pts',(6.085,0.557955418549122,1.35));
#4534=CARTESIAN_POINT('Ctrl Pts',(6.085,0.557955418549122,1.15));
#4535=CARTESIAN_POINT('Ctrl Pts',(6.07933674485347,0.556024272023801,1.35));
#4536=CARTESIAN_POINT('Ctrl Pts',(6.07933674485347,0.556024272023801,1.15));
#4537=CARTESIAN_POINT('Ctrl Pts',(6.07405309880561,0.553940547880934,1.35));
#4538=CARTESIAN_POINT('Ctrl Pts',(6.07405309880561,0.553940547880934,1.15));
#4539=CARTESIAN_POINT('Ctrl Pts',(6.06888768045547,0.551695411039196,1.35));
#4540=CARTESIAN_POINT('Ctrl Pts',(6.06888768045547,0.551695411039196,1.15));
#4541=CARTESIAN_POINT('Ctrl Pts',(6.02016643684999,0.530518837995315,1.35));
#4542=CARTESIAN_POINT('Ctrl Pts',(6.02016643684999,0.530518837995315,1.15));
#4543=CARTESIAN_POINT('Ctrl Pts',(5.97863411514992,0.496363700787899,1.35));
#4544=CARTESIAN_POINT('Ctrl Pts',(5.97863411514992,0.496363700787899,1.15));
#4545=CARTESIAN_POINT('Ctrl Pts',(5.93985928669656,0.457149721567796,1.35));
#4546=CARTESIAN_POINT('Ctrl Pts',(5.93985928669656,0.457149721567796,1.15));
#4547=CARTESIAN_POINT('Ctrl Pts',(5.91595629073823,0.432976008254388,1.35));
#4548=CARTESIAN_POINT('Ctrl Pts',(5.91595629073823,0.432976008254388,1.15));
#4549=CARTESIAN_POINT('Ctrl Pts',(5.89369338623016,0.406439243196084,1.35));
#4550=CARTESIAN_POINT('Ctrl Pts',(5.89369338623016,0.406439243196084,1.15));
#4551=CARTESIAN_POINT('Ctrl Pts',(5.87573979178403,0.379299447267278,1.35));
#4552=CARTESIAN_POINT('Ctrl Pts',(5.87573979178403,0.379299447267278,1.15));
#4553=CARTESIAN_POINT('Ctrl Pts',(5.87299907146368,0.375156400012009,1.35));
#4554=CARTESIAN_POINT('Ctrl Pts',(5.87299907146368,0.375156400012009,1.15));
#4555=CARTESIAN_POINT('Ctrl Pts',(5.87030810786186,0.370913364313258,1.35));
#4556=CARTESIAN_POINT('Ctrl Pts',(5.87030810786186,0.370913364313258,1.15));
#4557=CARTESIAN_POINT('Ctrl Pts',(5.8678087326659,0.366786286048981,1.35));
#4558=CARTESIAN_POINT('Ctrl Pts',(5.8678087326659,0.366786286048981,1.15));
#4559=CARTESIAN_POINT('Ctrl Pts',(6.0344486398816,0.533994274556576,1.15));
#4560=CARTESIAN_POINT('Ctrl Pts',(6.00006599967906,0.513552689706538,1.15));
#4561=CARTESIAN_POINT('Ctrl Pts',(5.96917455909816,0.486797008961241,1.15));
#4562=CARTESIAN_POINT('Ctrl Pts',(5.93985928669656,0.457149721567796,1.15));
#4563=CARTESIAN_POINT('Ctrl Pts',(5.91595629073823,0.432976008254388,1.15));
#4564=CARTESIAN_POINT('Ctrl Pts',(5.89369338623016,0.406439243196084,1.15));
#4565=CARTESIAN_POINT('Ctrl Pts',(5.87573979178403,0.379299447267278,1.15));
#4566=CARTESIAN_POINT('Ctrl Pts',(5.87299907146368,0.375156400012009,1.15));
#4567=CARTESIAN_POINT('Ctrl Pts',(5.87030810786186,0.370913364313258,1.15));
#4568=CARTESIAN_POINT('Ctrl Pts',(5.8678087326659,0.366786286048981,1.15));
#4569=CARTESIAN_POINT('Ctrl Pts',(6.085,0.557955418549122,1.35));
#4570=CARTESIAN_POINT('Ctrl Pts',(6.07933674485347,0.556024272023801,1.35));
#4571=CARTESIAN_POINT('Ctrl Pts',(6.07405309880561,0.553940547880934,1.35));
#4572=CARTESIAN_POINT('Ctrl Pts',(6.06888768045547,0.551695411039196,1.35));
#4573=CARTESIAN_POINT('Ctrl Pts',(6.02016643684999,0.530518837995315,1.35));
#4574=CARTESIAN_POINT('Ctrl Pts',(5.97863411514992,0.496363700787899,1.35));
#4575=CARTESIAN_POINT('Ctrl Pts',(5.93985928669656,0.457149721567796,1.35));
#4576=CARTESIAN_POINT('Ctrl Pts',(5.91595629073823,0.432976008254388,1.35));
#4577=CARTESIAN_POINT('Ctrl Pts',(5.89369338623016,0.406439243196084,1.35));
#4578=CARTESIAN_POINT('Ctrl Pts',(5.87573979178403,0.379299447267278,1.35));
#4579=CARTESIAN_POINT('Ctrl Pts',(5.87299907146368,0.375156400012009,1.35));
#4580=CARTESIAN_POINT('Ctrl Pts',(5.87030810786186,0.370913364313258,1.35));
#4581=CARTESIAN_POINT('Ctrl Pts',(5.8678087326659,0.366786286048981,1.35));
#4582=CARTESIAN_POINT('Origin',(5.86045322752141,1.06678628604898,1.15));
#4583=CARTESIAN_POINT('',(5.635,4.26589314302449,1.15));
#4584=CARTESIAN_POINT('Origin',(5.635,7.465,0.));
#4585=CARTESIAN_POINT('',(5.635,5.285,1.35));
#4586=CARTESIAN_POINT('',(5.635,-0.0350000000000001,1.35));
#4587=CARTESIAN_POINT('',(5.635,5.285,0.25));
#4588=CARTESIAN_POINT('',(5.635,5.285,0.));
#4589=CARTESIAN_POINT('',(5.635,4.85,0.25));
#4590=CARTESIAN_POINT('',(5.635,6.26625,0.25));
#4591=CARTESIAN_POINT('',(5.635,4.85,-1.1));
#4592=CARTESIAN_POINT('',(5.635,4.85,0.));
#4593=CARTESIAN_POINT('',(5.635,0.465,-1.1));
#4594=CARTESIAN_POINT('',(5.635,5.59,-1.1));
#4595=CARTESIAN_POINT('',(5.635,0.465,0.3));
#4596=CARTESIAN_POINT('',(5.635,0.465,0.));
#4597=CARTESIAN_POINT('',(5.635,-0.0350000000000001,0.3));
#4598=CARTESIAN_POINT('',(5.635,3.84,0.3));
#4599=CARTESIAN_POINT('',(5.635,-0.0350000000000001,1.35));
#4600=CARTESIAN_POINT('',(5.635,-0.0350000000000001,0.));
#4601=CARTESIAN_POINT('',(5.635,-0.0350000000000001,1.35));
#4602=CARTESIAN_POINT('Ctrl Pts',(5.935,0.266786286048981,0.963190225611928));
#4603=CARTESIAN_POINT('Ctrl Pts',(5.935,0.266786286048981,1.09212681707462));
#4604=CARTESIAN_POINT('Ctrl Pts',(5.935,0.266786286048981,1.22106340853731));
#4605=CARTESIAN_POINT('Ctrl Pts',(5.935,0.266786286048981,1.35));
#4606=CARTESIAN_POINT('Ctrl Pts',(5.935,0.272173766286593,0.963190225611928));
#4607=CARTESIAN_POINT('Ctrl Pts',(5.935,0.272173766286593,1.09212681707462));
#4608=CARTESIAN_POINT('Ctrl Pts',(5.935,0.272173766286593,1.22106340853731));
#4609=CARTESIAN_POINT('Ctrl Pts',(5.935,0.272173766286593,1.35));
#4610=CARTESIAN_POINT('Ctrl Pts',(5.93768444781641,0.286359082856642,0.963190225611928));
#4611=CARTESIAN_POINT('Ctrl Pts',(5.93768444781641,0.286359082856642,1.09212681707462));
#4612=CARTESIAN_POINT('Ctrl Pts',(5.93768444781641,0.286359082856642,1.22106340853731));
#4613=CARTESIAN_POINT('Ctrl Pts',(5.93768444781641,0.286359082856642,1.35));
#4614=CARTESIAN_POINT('Ctrl Pts',(5.95525203353549,0.320643864660646,0.963190225611928));
#4615=CARTESIAN_POINT('Ctrl Pts',(5.95525203353549,0.320643864660646,1.09212681707462));
#4616=CARTESIAN_POINT('Ctrl Pts',(5.95525203353549,0.320643864660646,1.22106340853731));
#4617=CARTESIAN_POINT('Ctrl Pts',(5.95525203353549,0.320643864660646,1.35));
#4618=CARTESIAN_POINT('Ctrl Pts',(5.98964413604981,0.365966346008542,0.963190225611928));
#4619=CARTESIAN_POINT('Ctrl Pts',(5.98964413604981,0.365966346008542,1.09212681707462));
#4620=CARTESIAN_POINT('Ctrl Pts',(5.98964413604981,0.365966346008542,1.22106340853731));
#4621=CARTESIAN_POINT('Ctrl Pts',(5.98964413604981,0.365966346008542,1.35));
#4622=CARTESIAN_POINT('Ctrl Pts',(6.03581669451798,0.412155843850525,0.963190225611928));
#4623=CARTESIAN_POINT('Ctrl Pts',(6.03581669451798,0.412155843850525,1.09212681707462));
#4624=CARTESIAN_POINT('Ctrl Pts',(6.03581669451798,0.412155843850525,1.22106340853731));
#4625=CARTESIAN_POINT('Ctrl Pts',(6.03581669451798,0.412155843850525,1.35));
#4626=CARTESIAN_POINT('Ctrl Pts',(6.08110418692275,0.446501635469248,0.963190225611928));
#4627=CARTESIAN_POINT('Ctrl Pts',(6.08110418692275,0.446501635469248,1.09212681707462));
#4628=CARTESIAN_POINT('Ctrl Pts',(6.08110418692275,0.446501635469248,1.22106340853731));
#4629=CARTESIAN_POINT('Ctrl Pts',(6.08110418692275,0.446501635469248,1.35));
#4630=CARTESIAN_POINT('Ctrl Pts',(6.10684057370242,0.459703325064228,0.963190225611928));
#4631=CARTESIAN_POINT('Ctrl Pts',(6.10684057370242,0.459703325064228,1.09212681707462));
#4632=CARTESIAN_POINT('Ctrl Pts',(6.10684057370242,0.459703325064228,1.22106340853731));
#4633=CARTESIAN_POINT('Ctrl Pts',(6.10684057370242,0.459703325064228,1.35));
#4634=CARTESIAN_POINT('Ctrl Pts',(6.12427811560228,0.465764436446837,0.963190225611928));
#4635=CARTESIAN_POINT('Ctrl Pts',(6.12427811560228,0.465764436446837,1.09212681707462));
#4636=CARTESIAN_POINT('Ctrl Pts',(6.12427811560228,0.465764436446837,1.22106340853731));
#4637=CARTESIAN_POINT('Ctrl Pts',(6.12427811560228,0.465764436446837,1.35));
#4638=CARTESIAN_POINT('Ctrl Pts',(6.13095938982179,0.466786286048981,0.963190225611928));
#4639=CARTESIAN_POINT('Ctrl Pts',(6.13095938982179,0.466786286048981,1.09212681707462));
#4640=CARTESIAN_POINT('Ctrl Pts',(6.13095938982179,0.466786286048981,1.22106340853731));
#4641=CARTESIAN_POINT('Ctrl Pts',(6.13095938982179,0.466786286048981,1.35));
#4642=CARTESIAN_POINT('Ctrl Pts',(6.135,0.466786286048981,0.963190225611928));
#4643=CARTESIAN_POINT('Ctrl Pts',(6.135,0.466786286048981,1.09212681707462));
#4644=CARTESIAN_POINT('Ctrl Pts',(6.135,0.466786286048981,1.22106340853731));
#4645=CARTESIAN_POINT('Ctrl Pts',(6.135,0.466786286048981,1.35));
#4646=CARTESIAN_POINT('',(5.935,0.266786286048981,0.963190225611929));
#4647=CARTESIAN_POINT('',(6.135,0.466786286048981,1.16319022561193));
#4648=CARTESIAN_POINT('Ctrl Pts',(5.935,0.266786286048981,0.963190225611929));
#4649=CARTESIAN_POINT('Ctrl Pts',(5.935,0.27027970120046,0.963190225611929));
#4650=CARTESIAN_POINT('Ctrl Pts',(5.93557193471234,0.273881829092716,0.963762160324267));
#4651=CARTESIAN_POINT('Ctrl Pts',(5.93817469626312,0.28493666445537,0.966364921875049));
#4652=CARTESIAN_POINT('Ctrl Pts',(5.94155500085812,0.292920270013838,0.969745226470044));
#4653=CARTESIAN_POINT('Ctrl Pts',(5.95391920895226,0.317957831759031,0.982109434564188));
#4654=CARTESIAN_POINT('Ctrl Pts',(5.96861703748309,0.339244321563799,0.996807263095021));
#4655=CARTESIAN_POINT('Ctrl Pts',(6.0139278676627,0.39233762805014,1.04211809327462));
#4656=CARTESIAN_POINT('Ctrl Pts',(6.04673833759838,0.422040056695812,1.07492856322515));
#4657=CARTESIAN_POINT('Ctrl Pts',(6.08806438933669,0.449579902455961,1.11625461496346));
#4658=CARTESIAN_POINT('Ctrl Pts',(6.10049681760002,0.456768789702007,1.12868704321195));
#4659=CARTESIAN_POINT('Ctrl Pts',(6.11864337799556,0.463987049555704,1.14683360360748));
#4660=CARTESIAN_POINT('Ctrl Pts',(6.12727205298502,0.466786286048981,1.15546227859695));
#4661=CARTESIAN_POINT('Ctrl Pts',(6.135,0.466786286048981,1.16319022561193));
#4662=CARTESIAN_POINT('',(6.135,0.466786286048981,1.34999996982515));
#4663=CARTESIAN_POINT('Ctrl Pts',(6.135,0.466786286048981,1.16319022561193));
#4664=CARTESIAN_POINT('Ctrl Pts',(6.135,0.466786286048981,1.22546014034967));
#4665=CARTESIAN_POINT('Ctrl Pts',(6.135,0.466786286048981,1.28773005508741));
#4666=CARTESIAN_POINT('Ctrl Pts',(6.135,0.466786286048981,1.34999996982515));
#4667=CARTESIAN_POINT('',(5.935,0.266786286048981,1.35));
#4668=CARTESIAN_POINT('Ctrl Pts',(6.135,0.466786286048981,1.35));
#4669=CARTESIAN_POINT('Ctrl Pts',(6.13095938982179,0.466786286048981,1.35));
#4670=CARTESIAN_POINT('Ctrl Pts',(6.12594843415716,0.466019898847373,1.35));
#4671=CARTESIAN_POINT('Ctrl Pts',(6.11979138658166,0.464123614470612,1.35));
#4672=CARTESIAN_POINT('Ctrl Pts',(6.11773903738983,0.463491519678358,1.35));
#4673=CARTESIAN_POINT('Ctrl Pts',(6.11555934465235,0.462733880755532,1.35));
#4674=CARTESIAN_POINT('Ctrl Pts',(6.11324367075615,0.461834398737383,1.35));
#4675=CARTESIAN_POINT('Ctrl Pts',(6.10398097517134,0.458236470664786,1.35));
#4676=CARTESIAN_POINT('Ctrl Pts',(6.09254258104705,0.452369053067017,1.35));
#4677=CARTESIAN_POINT('Ctrl Pts',(6.0792754685841,0.443711045665012,1.35));
#4678=CARTESIAN_POINT('Ctrl Pts',(6.06600835612116,0.435053038263007,1.35));
#4679=CARTESIAN_POINT('Ctrl Pts',(6.05091252531957,0.423604441056766,1.35));
#4680=CARTESIAN_POINT('Ctrl Pts',(6.03566918350742,0.410181892813315,1.35));
#4681=CARTESIAN_POINT('Ctrl Pts',(6.02042584169526,0.396759344569864,1.35));
#4682=CARTESIAN_POINT('Ctrl Pts',(6.00503498887254,0.381362845289203,1.35));
#4683=CARTESIAN_POINT('Ctrl Pts',(5.99160754537546,0.366110848757557,1.35));
#4684=CARTESIAN_POINT('Ctrl Pts',(5.97818010187837,0.35085885222591,1.35));
#4685=CARTESIAN_POINT('Ctrl Pts',(5.96671606770693,0.335751358443278,1.35));
#4686=CARTESIAN_POINT('Ctrl Pts',(5.95805611966803,0.322483481251295,1.35));
#4687=CARTESIAN_POINT('Ctrl Pts',(5.94939617162913,0.309215604059311,1.35));
#4688=CARTESIAN_POINT('Ctrl Pts',(5.94354030972277,0.297787343457977,1.35));
#4689=CARTESIAN_POINT('Ctrl Pts',(5.93994126681549,0.288526884014797,1.35));
#4690=CARTESIAN_POINT('Ctrl Pts',(5.9363422239082,0.279266424571617,1.35));
#4691=CARTESIAN_POINT('Ctrl Pts',(5.935,0.272173766286593,1.35));
#4692=CARTESIAN_POINT('Ctrl Pts',(5.935,0.266786286048981,1.35));
#4693=CARTESIAN_POINT('Ctrl Pts',(5.935,0.266786286048981,1.35));
#4694=CARTESIAN_POINT('Ctrl Pts',(5.935,0.266786286048981,1.22106340853731));
#4695=CARTESIAN_POINT('Ctrl Pts',(5.935,0.266786286048981,1.09212681707462));
#4696=CARTESIAN_POINT('Ctrl Pts',(5.935,0.266786286048981,0.963190225611928));
#4697=CARTESIAN_POINT('Origin',(5.935,0.466786286048981,1.34999996982515));
#4698=CARTESIAN_POINT('',(6.185,0.466786286048981,1.16319022561193));
#4699=CARTESIAN_POINT('',(5.935,0.466786286048981,1.16319022561193));
#4700=CARTESIAN_POINT('',(6.185,0.466786286048981,1.34999996982515));
#4701=CARTESIAN_POINT('',(6.185,0.466786286048981,1.34999996982515));
#4702=CARTESIAN_POINT('',(5.935,0.466786286048981,1.34999996982515));
#4703=CARTESIAN_POINT('Ctrl Pts',(5.935,1.86678628604898,1.35));
#4704=CARTESIAN_POINT('Ctrl Pts',(5.935,1.86678628604898,1.22106340853731));
#4705=CARTESIAN_POINT('Ctrl Pts',(5.935,1.86678628604898,1.09212681707462));
#4706=CARTESIAN_POINT('Ctrl Pts',(5.935,1.86678628604898,0.963190225611929));
#4707=CARTESIAN_POINT('Ctrl Pts',(5.935,1.86139880581137,1.35));
#4708=CARTESIAN_POINT('Ctrl Pts',(5.935,1.86139880581137,1.22106340853731));
#4709=CARTESIAN_POINT('Ctrl Pts',(5.935,1.86139880581137,1.09212681707462));
#4710=CARTESIAN_POINT('Ctrl Pts',(5.935,1.86139880581137,0.963190225611929));
#4711=CARTESIAN_POINT('Ctrl Pts',(5.93768406598767,1.8472138562654,1.35));
#4712=CARTESIAN_POINT('Ctrl Pts',(5.93768406598767,1.8472138562654,1.22106340853731));
#4713=CARTESIAN_POINT('Ctrl Pts',(5.93768406598767,1.8472138562654,1.09212681707462));
#4714=CARTESIAN_POINT('Ctrl Pts',(5.93768406598767,1.8472138562654,0.963190225611929));
#4715=CARTESIAN_POINT('Ctrl Pts',(5.95525169659995,1.81292900247736,1.35));
#4716=CARTESIAN_POINT('Ctrl Pts',(5.95525169659995,1.81292900247736,1.22106340853731));
#4717=CARTESIAN_POINT('Ctrl Pts',(5.95525169659995,1.81292900247736,1.09212681707462));
#4718=CARTESIAN_POINT('Ctrl Pts',(5.95525169659995,1.81292900247736,0.963190225611929));
#4719=CARTESIAN_POINT('Ctrl Pts',(5.98964372754778,1.76760652647495,1.35));
#4720=CARTESIAN_POINT('Ctrl Pts',(5.98964372754778,1.76760652647495,1.22106340853731));
#4721=CARTESIAN_POINT('Ctrl Pts',(5.98964372754778,1.76760652647495,1.09212681707462));
#4722=CARTESIAN_POINT('Ctrl Pts',(5.98964372754778,1.76760652647495,0.963190225611929));
#4723=CARTESIAN_POINT('Ctrl Pts',(6.0358163927988,1.72141688566043,1.35));
#4724=CARTESIAN_POINT('Ctrl Pts',(6.0358163927988,1.72141688566043,1.22106340853731));
#4725=CARTESIAN_POINT('Ctrl Pts',(6.0358163927988,1.72141688566043,1.09212681707462));
#4726=CARTESIAN_POINT('Ctrl Pts',(6.0358163927988,1.72141688566043,0.963190225611929));
#4727=CARTESIAN_POINT('Ctrl Pts',(6.08110388855861,1.68707106359176,1.35));
#4728=CARTESIAN_POINT('Ctrl Pts',(6.08110388855861,1.68707106359176,1.22106340853731));
#4729=CARTESIAN_POINT('Ctrl Pts',(6.08110388855861,1.68707106359176,1.09212681707462));
#4730=CARTESIAN_POINT('Ctrl Pts',(6.08110388855861,1.68707106359176,0.963190225611929));
#4731=CARTESIAN_POINT('Ctrl Pts',(6.10684041363792,1.67386931819036,1.35));
#4732=CARTESIAN_POINT('Ctrl Pts',(6.10684041363792,1.67386931819036,1.22106340853731));
#4733=CARTESIAN_POINT('Ctrl Pts',(6.10684041363792,1.67386931819036,1.09212681707462));
#4734=CARTESIAN_POINT('Ctrl Pts',(6.10684041363792,1.67386931819036,0.963190225611929));
#4735=CARTESIAN_POINT('Ctrl Pts',(6.12427800806326,1.66780818262927,1.35));
#4736=CARTESIAN_POINT('Ctrl Pts',(6.12427800806326,1.66780818262927,1.22106340853731));
#4737=CARTESIAN_POINT('Ctrl Pts',(6.12427800806326,1.66780818262927,1.09212681707462));
#4738=CARTESIAN_POINT('Ctrl Pts',(6.12427800806326,1.66780818262927,0.963190225611929));
#4739=CARTESIAN_POINT('Ctrl Pts',(6.13095938982179,1.66678628604898,1.35));
#4740=CARTESIAN_POINT('Ctrl Pts',(6.13095938982179,1.66678628604898,1.22106340853731));
#4741=CARTESIAN_POINT('Ctrl Pts',(6.13095938982179,1.66678628604898,1.09212681707462));
#4742=CARTESIAN_POINT('Ctrl Pts',(6.13095938982179,1.66678628604898,0.963190225611929));
#4743=CARTESIAN_POINT('Ctrl Pts',(6.135,1.66678628604898,1.35));
#4744=CARTESIAN_POINT('Ctrl Pts',(6.135,1.66678628604898,1.22106340853731));
#4745=CARTESIAN_POINT('Ctrl Pts',(6.135,1.66678628604898,1.09212681707462));
#4746=CARTESIAN_POINT('Ctrl Pts',(6.135,1.66678628604898,0.963190225611929));
#4747=CARTESIAN_POINT('',(6.135,1.66678628604898,1.16319022561193));
#4748=CARTESIAN_POINT('',(5.935,1.86678628604898,0.963190225611929));
#4749=CARTESIAN_POINT('Ctrl Pts',(6.135,1.66678628604898,1.16319022561193));
#4750=CARTESIAN_POINT('Ctrl Pts',(6.12666399965668,1.66678628604898,1.15485422526861));
#4751=CARTESIAN_POINT('Ctrl Pts',(6.117247294378,1.67004107896069,1.14543751998993));
#4752=CARTESIAN_POINT('Ctrl Pts',(6.08801641324847,1.68217926238448,1.1162066388604));
#4753=CARTESIAN_POINT('Ctrl Pts',(6.05917701135103,1.70204397162075,1.08736723696218));
#4754=CARTESIAN_POINT('Ctrl Pts',(6.00119687372573,1.75457470359171,1.02938709933689));
#4755=CARTESIAN_POINT('Ctrl Pts',(5.97452180368001,1.78534598493635,1.00271202929193));
#4756=CARTESIAN_POINT('Ctrl Pts',(5.95164677418344,1.82109841896686,0.979836999795351));
#4757=CARTESIAN_POINT('Ctrl Pts',(5.94440089720576,1.83332554335451,0.972591122817685));
#4758=CARTESIAN_POINT('Ctrl Pts',(5.9382529465965,1.84948715126117,0.966443172208422));
#4759=CARTESIAN_POINT('Ctrl Pts',(5.93693886549424,1.85356494116045,0.965129091106171));
#4760=CARTESIAN_POINT('Ctrl Pts',(5.93544094783342,1.86057757092496,0.963631173445354));
#4761=CARTESIAN_POINT('Ctrl Pts',(5.935,1.86371899002375,0.963190225611929));
#4762=CARTESIAN_POINT('Ctrl Pts',(5.935,1.86678628604898,0.963190225611929));
#4763=CARTESIAN_POINT('',(5.935,1.86678628604898,1.35));
#4764=CARTESIAN_POINT('Ctrl Pts',(5.935,1.86678628604898,0.963190225611929));
#4765=CARTESIAN_POINT('Ctrl Pts',(5.935,1.86678628604898,1.09212681707462));
#4766=CARTESIAN_POINT('Ctrl Pts',(5.935,1.86678628604898,1.22106340853731));
#4767=CARTESIAN_POINT('Ctrl Pts',(5.935,1.86678628604898,1.35));
#4768=CARTESIAN_POINT('',(6.135,1.66678628604898,1.34999996982515));
#4769=CARTESIAN_POINT('Ctrl Pts',(5.935,1.86678628604898,1.35));
#4770=CARTESIAN_POINT('Ctrl Pts',(5.935,1.86139880581137,1.35));
#4771=CARTESIAN_POINT('Ctrl Pts',(5.93634203299384,1.85430633103839,1.35));
#4772=CARTESIAN_POINT('Ctrl Pts',(5.93994098792613,1.84504595135389,1.35));
#4773=CARTESIAN_POINT('Ctrl Pts',(5.94353994285843,1.83578557166939,1.35));
#4774=CARTESIAN_POINT('Ctrl Pts',(5.94939581972919,1.82435728707338,1.35));
#4775=CARTESIAN_POINT('Ctrl Pts',(5.95805576332254,1.81108939877497,1.35));
#4776=CARTESIAN_POINT('Ctrl Pts',(5.96671570691589,1.79782151047656,1.35));
#4777=CARTESIAN_POINT('Ctrl Pts',(5.97817971723183,1.78271401847575,1.35));
#4778=CARTESIAN_POINT('Ctrl Pts',(5.99160716659831,1.76746199900627,1.35));
#4779=CARTESIAN_POINT('Ctrl Pts',(6.00503461596479,1.75220997953678,1.35));
#4780=CARTESIAN_POINT('Ctrl Pts',(6.02042550438179,1.73681343259861,1.35));
#4781=CARTESIAN_POINT('Ctrl Pts',(6.03566886455027,1.72339085545141,1.35));
#4782=CARTESIAN_POINT('Ctrl Pts',(6.05091222471874,1.70996827830421,1.35));
#4783=CARTESIAN_POINT('Ctrl Pts',(6.06600805663868,1.69851967094799,1.35));
#4784=CARTESIAN_POINT('Ctrl Pts',(6.07927520039405,1.68986164606956,1.35));
#4785=CARTESIAN_POINT('Ctrl Pts',(6.09254234414942,1.68120362119114,1.35));
#4786=CARTESIAN_POINT('Ctrl Pts',(6.10398079974022,1.67533617879051,1.35));
#4787=CARTESIAN_POINT('Ctrl Pts',(6.11324352862852,1.67173823608595,1.35));
#4788=CARTESIAN_POINT('Ctrl Pts',(6.11555921085059,1.67083875040981,1.35));
#4789=CARTESIAN_POINT('Ctrl Pts',(6.11773891015376,1.67008110846468,1.35));
#4790=CARTESIAN_POINT('Ctrl Pts',(6.11979127099104,1.66944900846956,1.35));
#4791=CARTESIAN_POINT('Ctrl Pts',(6.12594835350289,1.6675527084842,1.35));
#4792=CARTESIAN_POINT('Ctrl Pts',(6.13095938982179,1.66678628604898,1.35));
#4793=CARTESIAN_POINT('Ctrl Pts',(6.135,1.66678628604898,1.35));
#4794=CARTESIAN_POINT('Ctrl Pts',(6.135,1.66678628604898,1.34999996982515));
#4795=CARTESIAN_POINT('Ctrl Pts',(6.135,1.66678628604898,1.28773005508741));
#4796=CARTESIAN_POINT('Ctrl Pts',(6.135,1.66678628604898,1.22546014034967));
#4797=CARTESIAN_POINT('Ctrl Pts',(6.135,1.66678628604898,1.16319022561193));
#4798=CARTESIAN_POINT('Origin',(5.935,-0.335,0.));
#4799=CARTESIAN_POINT('',(5.935,-0.0350000000000001,1.35));
#4800=CARTESIAN_POINT('',(5.935,-0.335,1.35));
#4801=CARTESIAN_POINT('',(5.935,-0.0350000000000001,-1.4));
#4802=CARTESIAN_POINT('',(5.935,-0.0350000000000001,0.));
#4803=CARTESIAN_POINT('',(5.935,7.465,-1.4));
#4804=CARTESIAN_POINT('',(5.935,1.69,-1.4));
#4805=CARTESIAN_POINT('',(5.935,7.465,1.35));
#4806=CARTESIAN_POINT('',(5.935,7.465,0.));
#4807=CARTESIAN_POINT('',(5.935,-0.335,1.35));
#4808=CARTESIAN_POINT('',(5.935,0.0658931430244903,0.963190225611929));
#4809=CARTESIAN_POINT('Origin',(6.035,0.0658931430244903,1.06319022561193));
#4810=CARTESIAN_POINT('',(6.135,0.0658931430244903,1.16319022561193));
#4811=CARTESIAN_POINT('Origin',(5.935,0.466786286048981,1.16319022561193));
#4812=CARTESIAN_POINT('',(6.185,1.66678628604898,1.16319022561193));
#4813=CARTESIAN_POINT('',(5.935,1.66678628604898,1.16319022561193));
#4814=CARTESIAN_POINT('',(6.185,0.466786286048981,1.16319022561193));
#4815=CARTESIAN_POINT('Origin',(5.935,1.66678628604898,1.16319022561193));
#4816=CARTESIAN_POINT('',(6.185,1.66678628604898,1.34999996982515));
#4817=CARTESIAN_POINT('',(5.935,1.66678628604898,1.34999996982515));
#4818=CARTESIAN_POINT('',(6.185,1.66678628604898,1.16319022561193));
#4819=CARTESIAN_POINT('Origin',(6.185,1.06678628604898,1.25659511280596));
#4820=CARTESIAN_POINT('',(6.185,7.465,1.35));
#4821=CARTESIAN_POINT('Origin',(-0.96,4.26146615270515,1.2));
#4822=CARTESIAN_POINT('',(-1.06,4.79793230541029,1.1));
#4823=CARTESIAN_POINT('',(-0.86,4.7979323054103,1.3));
#4824=CARTESIAN_POINT('',(-1.84125,4.79793230541029,0.31875));
#4825=CARTESIAN_POINT('',(-0.86,5.19793230541029,1.3));
#4826=CARTESIAN_POINT('',(-0.86,4.26146615270515,1.3));
#4827=CARTESIAN_POINT('',(-1.06,5.1979323054103,1.1));
#4828=CARTESIAN_POINT('',(-1.37875,5.1979323054103,0.78125));
#4829=CARTESIAN_POINT('',(-1.06,4.26146615270515,1.1));
#4830=CARTESIAN_POINT('Origin',(-1.06,4.79793230541029,1.3));
#4831=CARTESIAN_POINT('',(-1.06,5.1979323054103,0.826836251870041));
#4832=CARTESIAN_POINT('',(-1.06,5.1979323054103,0.1));
#4833=CARTESIAN_POINT('',(-1.06,4.79793230541029,0.826836251870041));
#4834=CARTESIAN_POINT('',(-1.06,4.79793230541029,0.826836251870041));
#4835=CARTESIAN_POINT('',(-1.06,4.79793230541029,0.1));
#4836=CARTESIAN_POINT('Origin',(-0.335,5.1979323054103,-1.1));
#4837=CARTESIAN_POINT('',(-0.335,5.1979323054103,1.3));
#4838=CARTESIAN_POINT('',(-0.7975,5.19793230541029,1.3));
#4839=CARTESIAN_POINT('',(-0.335,5.1979323054103,-1.1));
#4840=CARTESIAN_POINT('',(-0.335,5.19793230541029,-0.55));
#4841=CARTESIAN_POINT('',(0.695,5.19793230541029,-1.1));
#4842=CARTESIAN_POINT('',(-0.43972095717398,5.1979323054103,-0.0553290704181396));
#4843=CARTESIAN_POINT('Origin',(-1.56,4.26146615270515,1.2));
#4844=CARTESIAN_POINT('',(-1.66,5.19793230541029,1.3));
#4845=CARTESIAN_POINT('',(-0.67875,5.1979323054103,0.31875));
#4846=CARTESIAN_POINT('',(-1.66,4.7979323054103,1.3));
#4847=CARTESIAN_POINT('',(-1.66,4.26146615270515,1.3));
#4848=CARTESIAN_POINT('',(-1.14125,4.79793230541029,0.78125));
#4849=CARTESIAN_POINT('Origin',(0.0649999999999999,3.725,1.3));
#4850=CARTESIAN_POINT('',(-2.185,5.1979323054103,1.3));
#4851=CARTESIAN_POINT('',(-0.7975,5.19793230541029,1.3));
#4852=CARTESIAN_POINT('',(-2.185,4.79793230541029,1.3));
#4853=CARTESIAN_POINT('',(-2.185,2.48146615270515,1.3));
#4854=CARTESIAN_POINT('',(-1.7225,4.7979323054103,1.3));
#4855=CARTESIAN_POINT('Origin',(-0.335,5.1979323054103,-1.1));
#4856=CARTESIAN_POINT('',(-2.185,5.1979323054103,-1.1));
#4857=CARTESIAN_POINT('',(0.695,5.19793230541029,-1.1));
#4858=CARTESIAN_POINT('',(-2.185,5.1979323054103,-0.55));
#4859=CARTESIAN_POINT('Origin',(-0.965897392890049,4.79793230541029,0.693002846261024));
#4860=CARTESIAN_POINT('',(-0.745741456232137,4.79793230541029,0.379895487465479));
#4861=CARTESIAN_POINT('Origin',(0.0649999999999999,3.725,1.3));
#4862=CARTESIAN_POINT('',(-0.335,4.79793230541029,1.3));
#4863=CARTESIAN_POINT('',(-1.7225,4.7979323054103,1.3));
#4864=CARTESIAN_POINT('',(-0.335,1.765,1.3));
#4865=CARTESIAN_POINT('',(-0.335,4.505,1.3));
#4866=CARTESIAN_POINT('',(-0.0350000000000001,1.765,1.3));
#4867=CARTESIAN_POINT('',(-0.135,1.765,1.3));
#4868=CARTESIAN_POINT('',(-0.0350000000000001,4.505,1.3));
#4869=CARTESIAN_POINT('',(-0.335,4.505,1.3));
#4870=CARTESIAN_POINT('Origin',(-2.185,4.79793230541029,-1.1));
#4871=CARTESIAN_POINT('',(-0.335,4.7979323054103,-0.55));
#4872=CARTESIAN_POINT('Origin',(-2.185,4.79793230541029,-1.1));
#4873=CARTESIAN_POINT('',(-2.185,4.79793230541029,-0.55));
#4874=CARTESIAN_POINT('Origin',(-0.335,5.285,0.));
#4875=CARTESIAN_POINT('',(-0.335,1.565,-1.1));
#4876=CARTESIAN_POINT('',(-0.335,4.5,-1.1));
#4877=CARTESIAN_POINT('',(-0.335,1.765,-0.9));
#4878=CARTESIAN_POINT('Origin',(-0.335,1.565,-0.9));
#4879=CARTESIAN_POINT('',(-0.335,1.765,0.));
#4880=CARTESIAN_POINT('Origin',(0.845,0.665,-0.9));
#4881=CARTESIAN_POINT('',(-0.0350000000000001,0.465,-0.9));
#4882=CARTESIAN_POINT('',(-0.235,0.665,-1.1));
#4883=CARTESIAN_POINT('Origin',(-0.235,0.665,-0.9));
#4884=CARTESIAN_POINT('',(-0.335,0.665,-1.1));
#4885=CARTESIAN_POINT('',(0.845,0.665,-1.1));
#4886=CARTESIAN_POINT('',(-0.335,0.465,-0.9));
#4887=CARTESIAN_POINT('Origin',(-0.335,0.665,-0.9));
#4888=CARTESIAN_POINT('',(0.845,0.465,-0.9));
#4889=CARTESIAN_POINT('Origin',(1.725,3.715,-1.1));
#4890=CARTESIAN_POINT('',(-0.335,4.5,-1.1));
#4891=CARTESIAN_POINT('',(0.132499999999999,7.165,-1.1));
#4892=CARTESIAN_POINT('',(0.1325,4.65,-1.1));
#4893=CARTESIAN_POINT('',(0.3325,7.16500000675158,-1.1));
#4894=CARTESIAN_POINT('Origin',(0.2325,7.165,-1.1));
#4895=CARTESIAN_POINT('',(0.332499999999999,5.585,-1.1));
#4896=CARTESIAN_POINT('',(0.3325,5.44000000337579,-1.1));
#4897=CARTESIAN_POINT('Origin',(0.232499999999999,5.585,-1.1));
#4898=CARTESIAN_POINT('',(-0.035,4.785,-1.1));
#4899=CARTESIAN_POINT('',(0.1375,4.9575,-1.1));
#4900=CARTESIAN_POINT('',(-0.0350000000000001,1.565,-1.1));
#4901=CARTESIAN_POINT('',(-0.0350000000000001,2.74,-1.1));
#4902=CARTESIAN_POINT('',(0.695,1.565,-1.1));
#4903=CARTESIAN_POINT('',(-2.185,-0.0350000000000001,-1.1));
#4904=CARTESIAN_POINT('',(-2.185,1.84,-1.1));
#4905=CARTESIAN_POINT('',(-0.335,-0.0350000000000001,-1.1));
#4906=CARTESIAN_POINT('',(1.3625,-0.0350000000000001,-1.1));
#4907=CARTESIAN_POINT('',(-0.335,4.5,-1.1));
#4908=CARTESIAN_POINT('',(0.465,-0.0350000000000001,-1.1));
#4909=CARTESIAN_POINT('',(-0.1575,0.5875,-1.1));
#4910=CARTESIAN_POINT('',(5.135,-0.0350000000000001,-1.1));
#4911=CARTESIAN_POINT('',(1.3625,-0.0350000000000001,-1.1));
#4912=CARTESIAN_POINT('',(5.47,0.3,-1.1));
#4913=CARTESIAN_POINT('',(5.3,4.85,-1.1));
#4914=CARTESIAN_POINT('',(3.5125,4.85,-1.1));
#4915=CARTESIAN_POINT('',(5.2,4.95,-1.1));
#4916=CARTESIAN_POINT('Origin',(5.3,4.95,-1.1));
#4917=CARTESIAN_POINT('',(5.2,7.465,-1.1));
#4918=CARTESIAN_POINT('',(5.2,5.59,-1.1));
#4919=CARTESIAN_POINT('',(-2.185,7.465,-1.1));
#4920=CARTESIAN_POINT('',(-0.229999999999999,7.465,-1.1));
#4921=CARTESIAN_POINT('',(-2.185,1.84,-1.1));
#4922=CARTESIAN_POINT('',(2.7325,7.16500000675158,-1.1));
#4923=CARTESIAN_POINT('',(2.7325,5.585,-1.1));
#4924=CARTESIAN_POINT('',(2.7325,5.44000000337579,-1.1));
#4925=CARTESIAN_POINT('',(2.5325,5.585,-1.1));
#4926=CARTESIAN_POINT('Origin',(2.6325,5.585,-1.1));
#4927=CARTESIAN_POINT('',(2.5325,7.165,-1.1));
#4928=CARTESIAN_POINT('',(2.5325,4.65,-1.1));
#4929=CARTESIAN_POINT('Origin',(2.6325,7.165,-1.1));
#4930=CARTESIAN_POINT('',(4.7325,7.16500000675158,-1.1));
#4931=CARTESIAN_POINT('',(4.7325,5.585,-1.1));
#4932=CARTESIAN_POINT('',(4.7325,5.44000000337579,-1.1));
#4933=CARTESIAN_POINT('',(4.5325,5.585,-1.1));
#4934=CARTESIAN_POINT('Origin',(4.6325,5.585,-1.1));
#4935=CARTESIAN_POINT('',(4.5325,7.165,-1.1));
#4936=CARTESIAN_POINT('',(4.5325,4.65,-1.1));
#4937=CARTESIAN_POINT('Origin',(4.6325,7.165,-1.1));
#4938=CARTESIAN_POINT('',(4.3325,7.16500000675158,-1.1));
#4939=CARTESIAN_POINT('',(4.3325,5.585,-1.1));
#4940=CARTESIAN_POINT('',(4.3325,5.44000000337579,-1.1));
#4941=CARTESIAN_POINT('',(4.1325,5.585,-1.1));
#4942=CARTESIAN_POINT('Origin',(4.2325,5.585,-1.1));
#4943=CARTESIAN_POINT('',(4.1325,7.165,-1.1));
#4944=CARTESIAN_POINT('',(4.1325,4.65,-1.1));
#4945=CARTESIAN_POINT('Origin',(4.2325,7.165,-1.1));
#4946=CARTESIAN_POINT('',(3.9325,7.16500000675158,-1.1));
#4947=CARTESIAN_POINT('',(3.9325,5.585,-1.1));
#4948=CARTESIAN_POINT('',(3.9325,5.44000000337579,-1.1));
#4949=CARTESIAN_POINT('',(3.7325,5.585,-1.1));
#4950=CARTESIAN_POINT('Origin',(3.8325,5.585,-1.1));
#4951=CARTESIAN_POINT('',(3.7325,7.165,-1.1));
#4952=CARTESIAN_POINT('',(3.7325,4.65,-1.1));
#4953=CARTESIAN_POINT('Origin',(3.8325,7.165,-1.1));
#4954=CARTESIAN_POINT('',(3.5325,7.16500000675158,-1.1));
#4955=CARTESIAN_POINT('',(3.5325,5.585,-1.1));
#4956=CARTESIAN_POINT('',(3.5325,5.44000000337579,-1.1));
#4957=CARTESIAN_POINT('',(3.3325,5.585,-1.1));
#4958=CARTESIAN_POINT('Origin',(3.4325,5.585,-1.1));
#4959=CARTESIAN_POINT('',(3.3325,7.165,-1.1));
#4960=CARTESIAN_POINT('',(3.3325,4.65,-1.1));
#4961=CARTESIAN_POINT('Origin',(3.4325,7.165,-1.1));
#4962=CARTESIAN_POINT('',(3.1325,7.16500000675158,-1.1));
#4963=CARTESIAN_POINT('',(3.1325,5.585,-1.1));
#4964=CARTESIAN_POINT('',(3.1325,5.44000000337579,-1.1));
#4965=CARTESIAN_POINT('',(2.9325,5.585,-1.1));
#4966=CARTESIAN_POINT('Origin',(3.0325,5.585,-1.1));
#4967=CARTESIAN_POINT('',(2.9325,7.165,-1.1));
#4968=CARTESIAN_POINT('',(2.9325,4.65,-1.1));
#4969=CARTESIAN_POINT('Origin',(3.0325,7.165,-1.1));
#4970=CARTESIAN_POINT('',(2.3325,7.16500000675158,-1.1));
#4971=CARTESIAN_POINT('',(2.3325,5.585,-1.1));
#4972=CARTESIAN_POINT('',(2.3325,5.44000000337579,-1.1));
#4973=CARTESIAN_POINT('',(2.1325,5.585,-1.1));
#4974=CARTESIAN_POINT('Origin',(2.2325,5.585,-1.1));
#4975=CARTESIAN_POINT('',(2.1325,7.165,-1.1));
#4976=CARTESIAN_POINT('',(2.1325,4.65,-1.1));
#4977=CARTESIAN_POINT('Origin',(2.2325,7.165,-1.1));
#4978=CARTESIAN_POINT('',(1.9325,7.16500000675158,-1.1));
#4979=CARTESIAN_POINT('',(1.9325,5.585,-1.1));
#4980=CARTESIAN_POINT('',(1.9325,5.44000000337579,-1.1));
#4981=CARTESIAN_POINT('',(1.7325,5.585,-1.1));
#4982=CARTESIAN_POINT('Origin',(1.8325,5.585,-1.1));
#4983=CARTESIAN_POINT('',(1.7325,7.165,-1.1));
#4984=CARTESIAN_POINT('',(1.7325,4.65,-1.1));
#4985=CARTESIAN_POINT('Origin',(1.8325,7.165,-1.1));
#4986=CARTESIAN_POINT('',(1.5325,7.16500000675158,-1.1));
#4987=CARTESIAN_POINT('',(1.5325,5.585,-1.1));
#4988=CARTESIAN_POINT('',(1.5325,5.44000000337579,-1.1));
#4989=CARTESIAN_POINT('',(1.3325,5.585,-1.1));
#4990=CARTESIAN_POINT('Origin',(1.4325,5.585,-1.1));
#4991=CARTESIAN_POINT('',(1.3325,7.165,-1.1));
#4992=CARTESIAN_POINT('',(1.3325,4.65,-1.1));
#4993=CARTESIAN_POINT('Origin',(1.4325,7.165,-1.1));
#4994=CARTESIAN_POINT('',(1.1325,7.16500000675158,-1.1));
#4995=CARTESIAN_POINT('',(1.1325,5.585,-1.1));
#4996=CARTESIAN_POINT('',(1.1325,5.44000000337579,-1.1));
#4997=CARTESIAN_POINT('',(0.9325,5.585,-1.1));
#4998=CARTESIAN_POINT('Origin',(1.0325,5.585,-1.1));
#4999=CARTESIAN_POINT('',(0.9325,7.165,-1.1));
#5000=CARTESIAN_POINT('',(0.9325,4.65,-1.1));
#5001=CARTESIAN_POINT('Origin',(1.0325,7.165,-1.1));
#5002=CARTESIAN_POINT('',(0.7325,7.16500000675158,-1.1));
#5003=CARTESIAN_POINT('',(0.732499999999999,5.585,-1.1));
#5004=CARTESIAN_POINT('',(0.7325,5.44000000337579,-1.1));
#5005=CARTESIAN_POINT('',(0.5325,5.585,-1.1));
#5006=CARTESIAN_POINT('Origin',(0.6325,5.585,-1.1));
#5007=CARTESIAN_POINT('',(0.5325,7.165,-1.1));
#5008=CARTESIAN_POINT('',(0.5325,4.65,-1.1));
#5009=CARTESIAN_POINT('Origin',(0.6325,7.165,-1.1));
#5010=CARTESIAN_POINT('Origin',(0.695,1.565,-0.9));
#5011=CARTESIAN_POINT('',(-0.0350000000000001,1.765,-0.9));
#5012=CARTESIAN_POINT('Origin',(-0.0350000000000001,1.565,-0.9));
#5013=CARTESIAN_POINT('',(0.695,1.765,-0.9));
#5014=CARTESIAN_POINT('Origin',(-0.335,1.765,0.));
#5015=CARTESIAN_POINT('',(-0.0350000000000001,1.765,0.));
#5016=CARTESIAN_POINT('Origin',(-0.0350000000000001,0.465,0.));
#5017=CARTESIAN_POINT('',(-0.335,0.465,1.25));
#5018=CARTESIAN_POINT('',(-0.335,0.465,0.));
#5019=CARTESIAN_POINT('',(-0.0350000000000001,0.465,1.25));
#5020=CARTESIAN_POINT('',(0.845,0.465,1.25));
#5021=CARTESIAN_POINT('',(-0.0350000000000001,0.465,0.3));
#5022=CARTESIAN_POINT('',(-0.0350000000000001,0.465,0.));
#5023=CARTESIAN_POINT('',(-0.0350000000000001,0.465,0.));
#5024=CARTESIAN_POINT('Origin',(-0.335,5.285,0.));
#5025=CARTESIAN_POINT('',(-0.335,5.285,0.));
#5026=CARTESIAN_POINT('Origin',(-0.0350000000000001,1.765,0.));
#5027=CARTESIAN_POINT('',(-0.0350000000000001,4.785,0.3));
#5028=CARTESIAN_POINT('',(-0.035,4.785,0.));
#5029=CARTESIAN_POINT('',(-0.0350000000000001,5.285,0.3));
#5030=CARTESIAN_POINT('Origin',(1.825,7.23814872721529,-0.0449999999999999));
#5031=CARTESIAN_POINT('',(1.91789809421254,7.765,-0.137898094212539));
#5032=CARTESIAN_POINT('',(1.91789809421254,7.765,-0.075));
#5033=CARTESIAN_POINT('',(1.91789809421254,7.765,-0.0225));
#5034=CARTESIAN_POINT('',(1.865,7.465,-0.085));
#5035=CARTESIAN_POINT('',(1.82207289408258,7.22154828464171,-0.0420728940825762));
#5036=CARTESIAN_POINT('',(1.865,7.465,-0.075));
#5037=CARTESIAN_POINT('',(1.865,7.465,-0.0225));
#5038=CARTESIAN_POINT('',(1.86251001455552,7.45087859081762,-0.075));
#5039=CARTESIAN_POINT('Origin',(1.825,7.23814872721529,-0.0449999999999999));
#5040=CARTESIAN_POINT('',(1.865,7.465,0.735));
#5041=CARTESIAN_POINT('',(1.865,7.465,0.725));
#5042=CARTESIAN_POINT('',(1.865,7.465,-0.0225));
#5043=CARTESIAN_POINT('',(1.91789809421254,7.765,0.78789809421254));
#5044=CARTESIAN_POINT('',(1.81416970810553,7.17672708969305,0.684169708105533));
#5045=CARTESIAN_POINT('',(1.91789809421254,7.765,0.725));
#5046=CARTESIAN_POINT('',(1.91789809421254,7.765,-0.0225));
#5047=CARTESIAN_POINT('',(1.87457149039834,7.51928261948276,0.725));
#5048=CARTESIAN_POINT('Origin',(1.625,7.23814872721529,0.695));
#5049=CARTESIAN_POINT('',(1.53210190578746,7.765,-0.075));
#5050=CARTESIAN_POINT('',(1.53210190578746,7.765,-0.137898094212539));
#5051=CARTESIAN_POINT('',(1.53210190578746,7.765,0.3475));
#5052=CARTESIAN_POINT('',(1.585,7.465,-0.075));
#5053=CARTESIAN_POINT('',(1.57542850960166,7.51928261948276,-0.075));
#5054=CARTESIAN_POINT('',(1.585,7.465,-0.0849999999999999));
#5055=CARTESIAN_POINT('',(1.585,7.465,0.3475));
#5056=CARTESIAN_POINT('',(1.63583029189447,7.17672708969305,-0.0341697081055325));
#5057=CARTESIAN_POINT('Origin',(1.625,7.23814872721529,-0.0449999999999999));
#5058=CARTESIAN_POINT('',(3.78,7.765,-0.13789809421254));
#5059=CARTESIAN_POINT('',(-0.28,7.465,-0.0849999999999998));
#5060=CARTESIAN_POINT('Origin',(1.825,7.23814872721529,0.695));
#5061=CARTESIAN_POINT('',(1.585,7.465,0.735));
#5062=CARTESIAN_POINT('',(-0.179999999999999,7.465,0.735));
#5063=CARTESIAN_POINT('',(1.53210190578746,7.765,0.78789809421254));
#5064=CARTESIAN_POINT('',(1.62792710591742,7.22154828464171,0.692072894082576));
#5065=CARTESIAN_POINT('',(3.88,7.765,0.78789809421254));
#5066=CARTESIAN_POINT('Origin',(1.625,7.23814872721529,0.695));
#5067=CARTESIAN_POINT('',(1.585,7.465,0.725));
#5068=CARTESIAN_POINT('',(1.585,7.465,0.3475));
#5069=CARTESIAN_POINT('',(1.53210190578746,7.765,0.725));
#5070=CARTESIAN_POINT('',(1.58748998544448,7.45087859081762,0.725));
#5071=CARTESIAN_POINT('',(1.53210190578746,7.765,0.3475));
#5072=CARTESIAN_POINT('Origin',(2.125,7.765,0.725));
#5073=CARTESIAN_POINT('',(1.325,7.465,0.725));
#5074=CARTESIAN_POINT('',(-0.0299999999999996,7.465,0.725));
#5075=CARTESIAN_POINT('',(1.325,7.565,0.725));
#5076=CARTESIAN_POINT('',(1.325,7.765,0.725));
#5077=CARTESIAN_POINT('',(1.225,7.765,0.725));
#5078=CARTESIAN_POINT('',(1.34,7.535,0.725));
#5079=CARTESIAN_POINT('',(4.03,7.765,0.725));
#5080=CARTESIAN_POINT('Origin',(2.125,7.765,0.725));
#5081=CARTESIAN_POINT('',(2.225,7.765,0.725));
#5082=CARTESIAN_POINT('',(4.03,7.765,0.725));
#5083=CARTESIAN_POINT('',(2.125,7.565,0.725));
#5084=CARTESIAN_POINT('',(2.19,7.695,0.725));
#5085=CARTESIAN_POINT('',(2.125,7.465,0.725));
#5086=CARTESIAN_POINT('',(2.125,7.765,0.725));
#5087=CARTESIAN_POINT('',(-0.0299999999999996,7.465,0.725));
#5088=CARTESIAN_POINT('Origin',(5.935,7.765,0.));
#5089=CARTESIAN_POINT('',(5.635,7.765,-1.4));
#5090=CARTESIAN_POINT('',(5.635,7.765,1.35));
#5091=CARTESIAN_POINT('',(5.635,7.765,0.));
#5092=CARTESIAN_POINT('',(-2.185,7.765,-1.4));
#5093=CARTESIAN_POINT('',(3.83,7.765,-1.4));
#5094=CARTESIAN_POINT('',(-2.185,7.765,1.35));
#5095=CARTESIAN_POINT('',(-2.185,7.765,0.));
#5096=CARTESIAN_POINT('',(5.935,7.765,1.35));
#5097=CARTESIAN_POINT('',(1.225,7.765,-0.075));
#5098=CARTESIAN_POINT('',(1.225,7.765,0.3625));
#5099=CARTESIAN_POINT('',(3.63,7.765,-0.075));
#5100=CARTESIAN_POINT('',(2.225,7.765,-0.075));
#5101=CARTESIAN_POINT('',(3.63,7.765,-0.075));
#5102=CARTESIAN_POINT('',(2.225,7.765,-0.0375));
#5103=CARTESIAN_POINT('Origin',(1.325,7.765,-0.075));
#5104=CARTESIAN_POINT('',(1.325,7.565,-0.075));
#5105=CARTESIAN_POINT('',(1.26,7.695,-0.075));
#5106=CARTESIAN_POINT('',(1.325,7.465,-0.075));
#5107=CARTESIAN_POINT('',(1.325,7.765,-0.075));
#5108=CARTESIAN_POINT('',(-0.429999999999999,7.465,-0.075));
#5109=CARTESIAN_POINT('Origin',(1.325,7.765,-0.075));
#5110=CARTESIAN_POINT('',(2.125,7.465,-0.075));
#5111=CARTESIAN_POINT('',(-0.429999999999999,7.465,-0.075));
#5112=CARTESIAN_POINT('',(2.125,7.565,-0.075));
#5113=CARTESIAN_POINT('',(2.125,7.765,-0.075));
#5114=CARTESIAN_POINT('',(2.11,7.535,-0.075));
#5115=CARTESIAN_POINT('Origin',(2.175,7.665,-0.0375));
#5116=CARTESIAN_POINT('',(2.125,7.565,-0.0375));
#5117=CARTESIAN_POINT('Origin',(2.125,7.765,-0.075));
#5118=CARTESIAN_POINT('',(2.125,7.465,-0.0375));
#5119=CARTESIAN_POINT('Origin',(1.275,7.665,0.3625));
#5120=CARTESIAN_POINT('',(1.325,7.565,0.3625));
#5121=CARTESIAN_POINT('Origin',(1.325,7.765,0.725));
#5122=CARTESIAN_POINT('',(1.325,7.465,0.3625));
#5123=CARTESIAN_POINT('Origin',(2.256,-0.11,0.4));
#5124=CARTESIAN_POINT('',(2.556,-0.0350000000000001,0.4));
#5125=CARTESIAN_POINT('',(2.256,-0.0350000000000001,0.1));
#5126=CARTESIAN_POINT('Origin',(2.256,-0.0350000000000001,0.4));
#5127=CARTESIAN_POINT('',(2.256,-0.335,0.1));
#5128=CARTESIAN_POINT('',(2.256,-0.11,0.1));
#5129=CARTESIAN_POINT('',(2.556,-0.335,0.4));
#5130=CARTESIAN_POINT('Origin',(2.256,-0.335,0.4));
#5131=CARTESIAN_POINT('',(2.556,-0.11,0.4));
#5132=CARTESIAN_POINT('Origin',(1.875,-0.185,0.1));
#5133=CARTESIAN_POINT('',(1.15,-0.0350000000000001,0.1));
#5134=CARTESIAN_POINT('',(1.4375,-0.0350000000000001,0.1));
#5135=CARTESIAN_POINT('',(1.15,-0.335,0.1));
#5136=CARTESIAN_POINT('',(1.15,-0.26,0.1));
#5137=CARTESIAN_POINT('',(-0.305,-0.335,0.1));
#5138=CARTESIAN_POINT('Origin',(1.15,-0.26,0.4));
#5139=CARTESIAN_POINT('',(0.85,-0.335,0.4));
#5140=CARTESIAN_POINT('Origin',(1.15,-0.335,0.4));
#5141=CARTESIAN_POINT('',(0.85,-0.0350000000000001,0.4));
#5142=CARTESIAN_POINT('Origin',(1.15,-0.0350000000000001,0.4));
#5143=CARTESIAN_POINT('',(0.85,-0.26,0.4));
#5144=CARTESIAN_POINT('Origin',(0.85,-0.335,0.));
#5145=CARTESIAN_POINT('',(0.85,-0.0350000000000001,1.35));
#5146=CARTESIAN_POINT('',(0.85,-0.0350000000000001,0.));
#5147=CARTESIAN_POINT('',(0.85,-0.335,1.35));
#5148=CARTESIAN_POINT('',(0.85,1.69,1.35));
#5149=CARTESIAN_POINT('',(0.85,-0.335,0.));
#5150=CARTESIAN_POINT('Origin',(2.556,-0.0350000000000001,0.));
#5151=CARTESIAN_POINT('',(2.556,-0.335,1.35));
#5152=CARTESIAN_POINT('',(2.556,-0.335,0.));
#5153=CARTESIAN_POINT('',(2.556,-0.0350000000000001,1.35));
#5154=CARTESIAN_POINT('',(2.556,1.84,1.35));
#5155=CARTESIAN_POINT('',(2.556,-0.0350000000000001,0.));
#5156=CARTESIAN_POINT('Origin',(5.35,7.22129632042106,1.3302576597132));
#5157=CARTESIAN_POINT('',(5.35,7.24619264084212,1.35));
#5158=CARTESIAN_POINT('Origin',(1.725,3.715,1.35));
#5159=CARTESIAN_POINT('',(-2.185,-0.0350000000000001,1.35));
#5160=CARTESIAN_POINT('',(5.635,-0.335,1.35));
#5161=CARTESIAN_POINT('',(-2.485,-0.335,1.35));
#5162=CARTESIAN_POINT('Origin',(5.635,-0.0350000000000001,1.35));
#5163=CARTESIAN_POINT('Origin',(5.635,7.465,1.35));
#5164=CARTESIAN_POINT('',(-2.485,7.465,1.35));
#5165=CARTESIAN_POINT('Origin',(-2.185,7.465,1.35));
#5166=CARTESIAN_POINT('',(-2.485,-0.0350000000000001,1.35));
#5167=CARTESIAN_POINT('',(-2.485,7.765,1.35));
#5168=CARTESIAN_POINT('',(-2.185,-0.335,1.35));
#5169=CARTESIAN_POINT('Origin',(-2.185,-0.0350000000000001,1.35));
#5170=CARTESIAN_POINT('',(-2.485,-0.335,1.35));
#5171=CARTESIAN_POINT('',(-0.0350000000000001,-0.0350000000000001,1.35));
#5172=CARTESIAN_POINT('',(-2.185,-0.0350000000000001,1.35));
#5173=CARTESIAN_POINT('',(-0.0350000000000001,-0.034,1.35));
#5174=CARTESIAN_POINT('',(-0.0350000000000001,-0.0350000000000001,1.35));
#5175=CARTESIAN_POINT('',(-0.335,-0.0339999999999998,1.35));
#5176=CARTESIAN_POINT('',(0.845,-0.034,1.35));
#5177=CARTESIAN_POINT('',(-0.335,-0.0350000000000001,1.35));
#5178=CARTESIAN_POINT('',(-0.335,7.465,1.35));
#5179=CARTESIAN_POINT('',(-2.185,-0.0350000000000001,1.35));
#5180=CARTESIAN_POINT('',(-2.185,-0.0350000000000001,1.35));
#5181=CARTESIAN_POINT('',(-2.185,7.465,1.35));
#5182=CARTESIAN_POINT('',(-2.185,7.465,1.35));
#5183=CARTESIAN_POINT('',(5.2,7.465,1.35));
#5184=CARTESIAN_POINT('',(5.635,7.465,1.35));
#5185=CARTESIAN_POINT('',(5.2,5.285,1.35));
#5186=CARTESIAN_POINT('',(5.2,7.465,1.35));
#5187=CARTESIAN_POINT('',(5.2,5.285,1.35));
#5188=CARTESIAN_POINT('',(5.785,5.50380735915788,1.35));
#5189=CARTESIAN_POINT('Origin',(5.785,5.52870367957894,1.3302576597132));
#5190=CARTESIAN_POINT('Origin',(5.35,7.315,1.35));
#5191=CARTESIAN_POINT('',(5.35,7.315,-0.25));
#5192=CARTESIAN_POINT('Origin',(5.785,5.435,1.35));
#5193=CARTESIAN_POINT('',(5.785,5.435,-0.25));
#5194=CARTESIAN_POINT('Origin',(5.5675,6.375,-0.25));
#5195=CARTESIAN_POINT('Origin',(0.845,0.2155,1.3));
#5196=CARTESIAN_POINT('',(-0.335,0.460664592993849,1.25086881903931));
#5197=CARTESIAN_POINT('',(-0.0350000000000001,0.220317065378126,1.29903465623685));
#5198=CARTESIAN_POINT('Origin',(-0.335,5.285,0.));
#5199=CARTESIAN_POINT('',(-0.335,-0.0350000000000001,0.));
#5200=CARTESIAN_POINT('Origin',(0.3325,7.16500000675158,-0.4));
#5201=CARTESIAN_POINT('',(0.3325,7.16500000675158,-1.4));
#5202=CARTESIAN_POINT('',(0.3325,7.16500000675158,-0.4));
#5203=CARTESIAN_POINT('',(0.332499999999999,5.585,-1.4));
#5204=CARTESIAN_POINT('',(0.3325,5.44000000337579,-1.4));
#5205=CARTESIAN_POINT('',(0.332499999999999,5.585,-0.4));
#5206=CARTESIAN_POINT('Origin',(0.2325,7.165,-0.4));
#5207=CARTESIAN_POINT('',(0.132499999999999,7.165,-1.4));
#5208=CARTESIAN_POINT('',(0.132499999999999,7.165,-0.4));
#5209=CARTESIAN_POINT('Origin',(0.2325,7.165,-1.4));
#5210=CARTESIAN_POINT('Origin',(0.1325,5.585,-0.4));
#5211=CARTESIAN_POINT('',(0.1325,5.585,-1.4));
#5212=CARTESIAN_POINT('',(0.1325,5.585,-0.4));
#5213=CARTESIAN_POINT('',(0.1325,4.65,-1.4));
#5214=CARTESIAN_POINT('Origin',(0.232499999999999,5.585,-0.4));
#5215=CARTESIAN_POINT('Origin',(0.232499999999999,5.585,-0.4));
#5216=CARTESIAN_POINT('Origin',(0.232499999999999,5.585,-1.4));
#5217=CARTESIAN_POINT('Origin',(0.2325,6.375,-0.4));
#5218=CARTESIAN_POINT('Origin',(0.7325,7.16500000675158,-0.4));
#5219=CARTESIAN_POINT('',(0.7325,7.16500000675158,-1.4));
#5220=CARTESIAN_POINT('',(0.7325,7.16500000675158,-0.4));
#5221=CARTESIAN_POINT('',(0.732499999999999,5.585,-1.4));
#5222=CARTESIAN_POINT('',(0.7325,5.44000000337579,-1.4));
#5223=CARTESIAN_POINT('',(0.732499999999999,5.585,-0.4));
#5224=CARTESIAN_POINT('Origin',(0.6325,7.165,-0.4));
#5225=CARTESIAN_POINT('',(0.5325,7.165,-1.4));
#5226=CARTESIAN_POINT('',(0.5325,7.165,-0.4));
#5227=CARTESIAN_POINT('Origin',(0.6325,7.165,-1.4));
#5228=CARTESIAN_POINT('Origin',(0.5325,5.585,-0.4));
#5229=CARTESIAN_POINT('',(0.5325,5.585,-1.4));
#5230=CARTESIAN_POINT('',(0.5325,5.585,-0.4));
#5231=CARTESIAN_POINT('',(0.5325,4.65,-1.4));
#5232=CARTESIAN_POINT('Origin',(0.6325,5.585,-0.4));
#5233=CARTESIAN_POINT('Origin',(0.6325,5.585,-1.4));
#5234=CARTESIAN_POINT('Origin',(1.1325,7.16500000675158,-0.4));
#5235=CARTESIAN_POINT('',(1.1325,7.16500000675158,-1.4));
#5236=CARTESIAN_POINT('',(1.1325,7.16500000675158,-0.4));
#5237=CARTESIAN_POINT('',(1.1325,5.585,-1.4));
#5238=CARTESIAN_POINT('',(1.1325,5.44000000337579,-1.4));
#5239=CARTESIAN_POINT('',(1.1325,5.585,-0.4));
#5240=CARTESIAN_POINT('Origin',(1.0325,7.165,-0.4));
#5241=CARTESIAN_POINT('',(0.9325,7.165,-1.4));
#5242=CARTESIAN_POINT('',(0.9325,7.165,-0.4));
#5243=CARTESIAN_POINT('Origin',(1.0325,7.165,-1.4));
#5244=CARTESIAN_POINT('Origin',(0.9325,5.585,-0.4));
#5245=CARTESIAN_POINT('',(0.9325,5.585,-1.4));
#5246=CARTESIAN_POINT('',(0.9325,5.585,-0.4));
#5247=CARTESIAN_POINT('',(0.9325,4.65,-1.4));
#5248=CARTESIAN_POINT('Origin',(1.0325,5.585,-0.4));
#5249=CARTESIAN_POINT('Origin',(1.0325,5.585,-1.4));
#5250=CARTESIAN_POINT('Origin',(1.5325,7.16500000675158,-0.4));
#5251=CARTESIAN_POINT('',(1.5325,7.16500000675158,-1.4));
#5252=CARTESIAN_POINT('',(1.5325,7.16500000675158,-0.4));
#5253=CARTESIAN_POINT('',(1.5325,5.585,-1.4));
#5254=CARTESIAN_POINT('',(1.5325,5.44000000337579,-1.4));
#5255=CARTESIAN_POINT('',(1.5325,5.585,-0.4));
#5256=CARTESIAN_POINT('Origin',(1.4325,7.165,-0.4));
#5257=CARTESIAN_POINT('',(1.3325,7.165,-1.4));
#5258=CARTESIAN_POINT('',(1.3325,7.165,-0.4));
#5259=CARTESIAN_POINT('Origin',(1.4325,7.165,-1.4));
#5260=CARTESIAN_POINT('Origin',(1.3325,5.585,-0.4));
#5261=CARTESIAN_POINT('',(1.3325,5.585,-1.4));
#5262=CARTESIAN_POINT('',(1.3325,5.585,-0.4));
#5263=CARTESIAN_POINT('',(1.3325,4.65,-1.4));
#5264=CARTESIAN_POINT('Origin',(1.4325,5.585,-0.4));
#5265=CARTESIAN_POINT('Origin',(1.4325,5.585,-1.4));
#5266=CARTESIAN_POINT('Origin',(1.9325,7.16500000675158,-0.4));
#5267=CARTESIAN_POINT('',(1.9325,7.16500000675158,-1.4));
#5268=CARTESIAN_POINT('',(1.9325,7.16500000675158,-0.4));
#5269=CARTESIAN_POINT('',(1.9325,5.585,-1.4));
#5270=CARTESIAN_POINT('',(1.9325,5.44000000337579,-1.4));
#5271=CARTESIAN_POINT('',(1.9325,5.585,-0.4));
#5272=CARTESIAN_POINT('Origin',(1.8325,7.165,-0.4));
#5273=CARTESIAN_POINT('',(1.7325,7.165,-1.4));
#5274=CARTESIAN_POINT('',(1.7325,7.165,-0.4));
#5275=CARTESIAN_POINT('Origin',(1.8325,7.165,-1.4));
#5276=CARTESIAN_POINT('Origin',(1.7325,5.585,-0.4));
#5277=CARTESIAN_POINT('',(1.7325,5.585,-1.4));
#5278=CARTESIAN_POINT('',(1.7325,5.585,-0.4));
#5279=CARTESIAN_POINT('',(1.7325,4.65,-1.4));
#5280=CARTESIAN_POINT('Origin',(1.8325,5.585,-0.4));
#5281=CARTESIAN_POINT('Origin',(1.8325,5.585,-1.4));
#5282=CARTESIAN_POINT('Origin',(2.3325,7.16500000675158,-0.4));
#5283=CARTESIAN_POINT('',(2.3325,7.16500000675158,-1.4));
#5284=CARTESIAN_POINT('',(2.3325,7.16500000675158,-0.4));
#5285=CARTESIAN_POINT('',(2.3325,5.585,-1.4));
#5286=CARTESIAN_POINT('',(2.3325,5.44000000337579,-1.4));
#5287=CARTESIAN_POINT('',(2.3325,5.585,-0.4));
#5288=CARTESIAN_POINT('Origin',(2.2325,7.165,-0.4));
#5289=CARTESIAN_POINT('',(2.1325,7.165,-1.4));
#5290=CARTESIAN_POINT('',(2.1325,7.165,-0.4));
#5291=CARTESIAN_POINT('Origin',(2.2325,7.165,-1.4));
#5292=CARTESIAN_POINT('Origin',(2.1325,5.585,-0.4));
#5293=CARTESIAN_POINT('',(2.1325,5.585,-1.4));
#5294=CARTESIAN_POINT('',(2.1325,5.585,-0.4));
#5295=CARTESIAN_POINT('',(2.1325,4.65,-1.4));
#5296=CARTESIAN_POINT('Origin',(2.2325,5.585,-0.4));
#5297=CARTESIAN_POINT('Origin',(2.2325,5.585,-1.4));
#5298=CARTESIAN_POINT('Origin',(3.1325,7.16500000675158,-0.4));
#5299=CARTESIAN_POINT('',(3.1325,7.16500000675158,-1.4));
#5300=CARTESIAN_POINT('',(3.1325,7.16500000675158,-0.4));
#5301=CARTESIAN_POINT('',(3.1325,5.585,-1.4));
#5302=CARTESIAN_POINT('',(3.1325,5.44000000337579,-1.4));
#5303=CARTESIAN_POINT('',(3.1325,5.585,-0.4));
#5304=CARTESIAN_POINT('Origin',(3.0325,7.165,-0.4));
#5305=CARTESIAN_POINT('',(2.9325,7.165,-1.4));
#5306=CARTESIAN_POINT('',(2.9325,7.165,-0.4));
#5307=CARTESIAN_POINT('Origin',(3.0325,7.165,-1.4));
#5308=CARTESIAN_POINT('Origin',(2.9325,5.585,-0.4));
#5309=CARTESIAN_POINT('',(2.9325,5.585,-1.4));
#5310=CARTESIAN_POINT('',(2.9325,5.585,-0.4));
#5311=CARTESIAN_POINT('',(2.9325,4.65,-1.4));
#5312=CARTESIAN_POINT('Origin',(3.0325,5.585,-0.4));
#5313=CARTESIAN_POINT('Origin',(3.0325,5.585,-1.4));
#5314=CARTESIAN_POINT('Origin',(3.5325,7.16500000675158,-0.4));
#5315=CARTESIAN_POINT('',(3.5325,7.16500000675158,-1.4));
#5316=CARTESIAN_POINT('',(3.5325,7.16500000675158,-0.4));
#5317=CARTESIAN_POINT('',(3.5325,5.585,-1.4));
#5318=CARTESIAN_POINT('',(3.5325,5.44000000337579,-1.4));
#5319=CARTESIAN_POINT('',(3.5325,5.585,-0.4));
#5320=CARTESIAN_POINT('Origin',(3.4325,7.165,-0.4));
#5321=CARTESIAN_POINT('',(3.3325,7.165,-1.4));
#5322=CARTESIAN_POINT('',(3.3325,7.165,-0.4));
#5323=CARTESIAN_POINT('Origin',(3.4325,7.165,-1.4));
#5324=CARTESIAN_POINT('Origin',(3.3325,5.585,-0.4));
#5325=CARTESIAN_POINT('',(3.3325,5.585,-1.4));
#5326=CARTESIAN_POINT('',(3.3325,5.585,-0.4));
#5327=CARTESIAN_POINT('',(3.3325,4.65,-1.4));
#5328=CARTESIAN_POINT('Origin',(3.4325,5.585,-0.4));
#5329=CARTESIAN_POINT('Origin',(3.4325,5.585,-1.4));
#5330=CARTESIAN_POINT('Origin',(3.9325,7.16500000675158,-0.4));
#5331=CARTESIAN_POINT('',(3.9325,7.16500000675158,-1.4));
#5332=CARTESIAN_POINT('',(3.9325,7.16500000675158,-0.4));
#5333=CARTESIAN_POINT('',(3.9325,5.585,-1.4));
#5334=CARTESIAN_POINT('',(3.9325,5.44000000337579,-1.4));
#5335=CARTESIAN_POINT('',(3.9325,5.585,-0.4));
#5336=CARTESIAN_POINT('Origin',(3.8325,7.165,-0.4));
#5337=CARTESIAN_POINT('',(3.7325,7.165,-1.4));
#5338=CARTESIAN_POINT('',(3.7325,7.165,-0.4));
#5339=CARTESIAN_POINT('Origin',(3.8325,7.165,-1.4));
#5340=CARTESIAN_POINT('Origin',(3.7325,5.585,-0.4));
#5341=CARTESIAN_POINT('',(3.7325,5.585,-1.4));
#5342=CARTESIAN_POINT('',(3.7325,5.585,-0.4));
#5343=CARTESIAN_POINT('',(3.7325,4.65,-1.4));
#5344=CARTESIAN_POINT('Origin',(3.8325,5.585,-0.4));
#5345=CARTESIAN_POINT('Origin',(3.8325,5.585,-1.4));
#5346=CARTESIAN_POINT('Origin',(4.3325,7.16500000675158,-0.4));
#5347=CARTESIAN_POINT('',(4.3325,7.16500000675158,-1.4));
#5348=CARTESIAN_POINT('',(4.3325,7.16500000675158,-0.4));
#5349=CARTESIAN_POINT('',(4.3325,5.585,-1.4));
#5350=CARTESIAN_POINT('',(4.3325,5.44000000337579,-1.4));
#5351=CARTESIAN_POINT('',(4.3325,5.585,-0.4));
#5352=CARTESIAN_POINT('Origin',(4.2325,7.165,-0.4));
#5353=CARTESIAN_POINT('',(4.1325,7.165,-1.4));
#5354=CARTESIAN_POINT('',(4.1325,7.165,-0.4));
#5355=CARTESIAN_POINT('Origin',(4.2325,7.165,-1.4));
#5356=CARTESIAN_POINT('Origin',(4.1325,5.585,-0.4));
#5357=CARTESIAN_POINT('',(4.1325,5.585,-1.4));
#5358=CARTESIAN_POINT('',(4.1325,5.585,-0.4));
#5359=CARTESIAN_POINT('',(4.1325,4.65,-1.4));
#5360=CARTESIAN_POINT('Origin',(4.2325,5.585,-0.4));
#5361=CARTESIAN_POINT('Origin',(4.2325,5.585,-1.4));
#5362=CARTESIAN_POINT('Origin',(4.7325,7.16500000675158,-0.4));
#5363=CARTESIAN_POINT('',(4.7325,7.16500000675158,-1.4));
#5364=CARTESIAN_POINT('',(4.7325,7.16500000675158,-0.4));
#5365=CARTESIAN_POINT('',(4.7325,5.585,-1.4));
#5366=CARTESIAN_POINT('',(4.7325,5.44000000337579,-1.4));
#5367=CARTESIAN_POINT('',(4.7325,5.585,-0.4));
#5368=CARTESIAN_POINT('Origin',(4.6325,7.165,-0.4));
#5369=CARTESIAN_POINT('',(4.5325,7.165,-1.4));
#5370=CARTESIAN_POINT('',(4.5325,7.165,-0.4));
#5371=CARTESIAN_POINT('Origin',(4.6325,7.165,-1.4));
#5372=CARTESIAN_POINT('Origin',(4.5325,5.585,-0.4));
#5373=CARTESIAN_POINT('',(4.5325,5.585,-1.4));
#5374=CARTESIAN_POINT('',(4.5325,5.585,-0.4));
#5375=CARTESIAN_POINT('',(4.5325,4.65,-1.4));
#5376=CARTESIAN_POINT('Origin',(4.6325,5.585,-0.4));
#5377=CARTESIAN_POINT('Origin',(4.6325,5.585,-1.4));
#5378=CARTESIAN_POINT('Origin',(2.7325,7.16500000675158,-0.4));
#5379=CARTESIAN_POINT('',(2.7325,7.16500000675158,-1.4));
#5380=CARTESIAN_POINT('',(2.7325,7.16500000675158,-0.4));
#5381=CARTESIAN_POINT('',(2.7325,5.585,-1.4));
#5382=CARTESIAN_POINT('',(2.7325,5.44000000337579,-1.4));
#5383=CARTESIAN_POINT('',(2.7325,5.585,-0.4));
#5384=CARTESIAN_POINT('Origin',(2.6325,7.165,-0.4));
#5385=CARTESIAN_POINT('',(2.5325,7.165,-1.4));
#5386=CARTESIAN_POINT('',(2.5325,7.165,-0.4));
#5387=CARTESIAN_POINT('Origin',(2.6325,7.165,-1.4));
#5388=CARTESIAN_POINT('Origin',(2.5325,5.585,-0.4));
#5389=CARTESIAN_POINT('',(2.5325,5.585,-1.4));
#5390=CARTESIAN_POINT('',(2.5325,5.585,-0.4));
#5391=CARTESIAN_POINT('',(2.5325,4.65,-1.4));
#5392=CARTESIAN_POINT('Origin',(2.6325,5.585,-0.4));
#5393=CARTESIAN_POINT('Origin',(2.6325,5.585,-1.4));
#5394=CARTESIAN_POINT('Origin',(1.725,3.715,-0.4));
#5395=CARTESIAN_POINT('',(-0.0350000000000003,4.89770166537926,-0.4));
#5396=CARTESIAN_POINT('',(-0.0350000000000001,5.285,-0.4));
#5397=CARTESIAN_POINT('',(-0.0350000000000001,-0.0350000000000001,-0.4));
#5398=CARTESIAN_POINT('',(5.635,5.285,-0.4));
#5399=CARTESIAN_POINT('Origin',(0.0649999999999999,5.285,-0.4));
#5400=CARTESIAN_POINT('Origin',(1.725,3.715,-1.4));
#5401=CARTESIAN_POINT('',(5.635,-0.335,-1.4));
#5402=CARTESIAN_POINT('Origin',(5.635,-0.0350000000000001,-1.4));
#5403=CARTESIAN_POINT('',(-2.185,-0.335,-1.4));
#5404=CARTESIAN_POINT('',(-0.379999999999999,-0.335,-1.4));
#5405=CARTESIAN_POINT('',(-2.485,-0.0350000000000001,-1.4));
#5406=CARTESIAN_POINT('Origin',(-2.185,-0.0350000000000001,-1.4));
#5407=CARTESIAN_POINT('',(-2.485,7.465,-1.4));
#5408=CARTESIAN_POINT('',(-2.485,5.74,-1.4));
#5409=CARTESIAN_POINT('Origin',(-2.185,7.465,-1.4));
#5410=CARTESIAN_POINT('Origin',(5.635,7.465,-1.4));
#5411=CARTESIAN_POINT('Origin',(-0.0350000000000001,5.285,0.));
#5412=CARTESIAN_POINT('',(-0.0350000000000001,5.285,0.));
#5413=CARTESIAN_POINT('',(0.0149999999999999,5.285,0.));
#5414=CARTESIAN_POINT('',(-0.0350000000000001,5.285,0.));
#5415=CARTESIAN_POINT('Origin',(-0.0350000000000001,4.89770166537926,0.));
#5416=CARTESIAN_POINT('',(-0.0350000000000002,4.89770166537926,0.));
#5417=CARTESIAN_POINT('',(-0.0350000000000001,4.31135083268963,0.));
#5418=CARTESIAN_POINT('',(-0.0350000000000002,4.89770166537926,0.));
#5419=CARTESIAN_POINT('Origin',(0.0649999999999999,5.285,0.));
#5420=CARTESIAN_POINT('Origin',(0.0649999999999999,5.285,0.));
#5421=CARTESIAN_POINT('Origin',(1.,-0.0350000000000001,0.));
#5422=CARTESIAN_POINT('',(-2.185,-0.0350000000000001,0.));
#5423=CARTESIAN_POINT('Origin',(5.635,-0.0350000000000001,0.));
#5424=CARTESIAN_POINT('',(5.635,-0.335,0.));
#5425=CARTESIAN_POINT('Origin',(5.635,7.465,0.));
#5426=CARTESIAN_POINT('Origin',(-2.185,7.465,0.));
#5427=CARTESIAN_POINT('',(-2.485,7.465,0.));
#5428=CARTESIAN_POINT('Origin',(-2.485,7.765,0.));
#5429=CARTESIAN_POINT('',(-2.485,-0.0350000000000001,0.));
#5430=CARTESIAN_POINT('Origin',(-2.185,-0.0350000000000001,0.));
#5431=CARTESIAN_POINT('',(-2.185,-0.335,0.));
#5432=CARTESIAN_POINT('Origin',(-2.485,-0.335,0.));
#5433=CARTESIAN_POINT('Origin',(5.4,5.05,0.3));
#5434=CARTESIAN_POINT('',(5.31,5.05,0.3));
#5435=CARTESIAN_POINT('',(5.49,5.05,0.3));
#5436=CARTESIAN_POINT('Origin',(5.4,5.05,0.3));
#5437=CARTESIAN_POINT('',(5.54,5.05,0.25));
#5438=CARTESIAN_POINT('Origin',(5.54,5.05,0.3));
#5439=CARTESIAN_POINT('Origin',(5.4,5.05,0.25));
#5440=CARTESIAN_POINT('Origin',(5.4,5.05,0.3));
#5441=CARTESIAN_POINT('Origin',(5.4,5.05,0.));
#5442=CARTESIAN_POINT('',(5.31,5.05,1.27));
#5443=CARTESIAN_POINT('Origin',(5.4,5.05,1.27));
#5444=CARTESIAN_POINT('',(5.31,5.05,0.));
#5445=CARTESIAN_POINT('Origin',(5.4175,5.0675,0.25));
#5446=CARTESIAN_POINT('',(5.2,5.285,0.25));
#5447=CARTESIAN_POINT('',(5.2,4.95,0.25));
#5448=CARTESIAN_POINT('',(5.2,5.25,0.25));
#5449=CARTESIAN_POINT('',(5.3,4.85,0.25));
#5450=CARTESIAN_POINT('Origin',(5.3,4.95,0.25));
#5451=CARTESIAN_POINT('',(5.3,4.85,0.25));
#5452=CARTESIAN_POINT('',(5.30875,5.285,0.25));
#5453=CARTESIAN_POINT('Origin',(5.4,5.05,1.27));
#5454=CARTESIAN_POINT('',(5.34,5.05,1.3));
#5455=CARTESIAN_POINT('Origin',(5.4,5.05,1.3));
#5456=CARTESIAN_POINT('Origin',(5.34,5.05,1.27));
#5457=CARTESIAN_POINT('Origin',(5.4,5.05,1.3));
#5458=CARTESIAN_POINT('Origin',(5.3,4.85,0.));
#5459=CARTESIAN_POINT('',(5.3,4.85,0.));
#5460=CARTESIAN_POINT('Origin',(5.3,4.95,0.));
#5461=CARTESIAN_POINT('',(5.2,4.95,0.));
#5462=CARTESIAN_POINT('Origin',(0.465,-0.0350000000000001,0.));
#5463=CARTESIAN_POINT('',(0.465,-0.0350000000000001,0.3));
#5464=CARTESIAN_POINT('',(0.465,-0.0350000000000001,0.3));
#5465=CARTESIAN_POINT('',(0.465,-0.0350000000000001,0.));
#5466=CARTESIAN_POINT('Origin',(0.215,0.215,0.3));
#5467=CARTESIAN_POINT('',(-0.0350000000000001,-0.0350000000000001,0.3));
#5468=CARTESIAN_POINT('',(-0.0350000000000001,0.0899999999999999,0.3));
#5469=CARTESIAN_POINT('',(0.6075,-0.0350000000000001,0.3));
#5470=CARTESIAN_POINT('Origin',(-0.0350000000000001,-0.0350000000000001,
0.));
#5471=CARTESIAN_POINT('',(-0.0350000000000001,-0.0350000000000001,0.));
#5472=CARTESIAN_POINT('Origin',(5.635,0.465,0.));
#5473=CARTESIAN_POINT('',(5.135,-0.0350000000000001,0.3));
#5474=CARTESIAN_POINT('',(5.135,-0.0350000000000001,0.));
#5475=CARTESIAN_POINT('',(5.135,-0.0350000000000001,0.3));
#5476=CARTESIAN_POINT('Origin',(5.385,0.215,0.3));
#5477=CARTESIAN_POINT('',(5.51,-0.0350000000000001,0.3));
#5478=CARTESIAN_POINT('Origin',(5.2,7.465,0.));
#5479=CARTESIAN_POINT('',(5.2,5.285,0.));
#5480=CARTESIAN_POINT('',(5.2,7.465,0.));
#5481=CARTESIAN_POINT('Origin',(5.2,5.285,0.));
#5482=CARTESIAN_POINT('Origin',(1.,-0.0350000000000001,0.));
#5483=CARTESIAN_POINT('Origin',(-2.185,7.465,0.));
#5484=CARTESIAN_POINT('',(-2.185,7.465,0.));
#5485=CARTESIAN_POINT('Origin',(-2.185,-0.0350000000000001,0.));
#5486=CARTESIAN_POINT('Origin',(-0.0350000000000001,4.785,0.));
#5487=CARTESIAN_POINT('',(0.465,5.285,0.3));
#5488=CARTESIAN_POINT('Origin',(0.215,5.035,0.3));
#5489=CARTESIAN_POINT('Origin',(0.0649999999999999,3.725,0.));
#5490=UNCERTAINTY_MEASURE_WITH_UNIT(LENGTH_MEASURE(0.001),#5494,
'DISTANCE_ACCURACY_VALUE',
'Maximum model space distance between geometric entities at asserted c
onnectivities');
#5491=UNCERTAINTY_MEASURE_WITH_UNIT(LENGTH_MEASURE(0.001),#5494,
'DISTANCE_ACCURACY_VALUE',
'Maximum model space distance between geometric entities at asserted c
onnectivities');
#5492=(
GEOMETRIC_REPRESENTATION_CONTEXT(3)
GLOBAL_UNCERTAINTY_ASSIGNED_CONTEXT((#5490))
GLOBAL_UNIT_ASSIGNED_CONTEXT((#5494,#5495,#5496))
REPRESENTATION_CONTEXT('','3D')
);
#5493=(
GEOMETRIC_REPRESENTATION_CONTEXT(3)
GLOBAL_UNCERTAINTY_ASSIGNED_CONTEXT((#5491))
GLOBAL_UNIT_ASSIGNED_CONTEXT((#5494,#5495,#5496))
REPRESENTATION_CONTEXT('','3D')
);
#5494=(
LENGTH_UNIT()
NAMED_UNIT(*)
SI_UNIT(.CENTI.,.METRE.)
);
#5495=(
NAMED_UNIT(*)
PLANE_ANGLE_UNIT()
SI_UNIT($,.RADIAN.)
);
#5496=(
NAMED_UNIT(*)
SI_UNIT($,.STERADIAN.)
SOLID_ANGLE_UNIT()
);
#5497=SHAPE_DEFINITION_REPRESENTATION(#5498,#5499);
#5498=PRODUCT_DEFINITION_SHAPE('',$,#5501);
#5499=SHAPE_REPRESENTATION('',(#3175),#5492);
#5500=PRODUCT_DEFINITION_CONTEXT('part definition',#5505,'design');
#5501=PRODUCT_DEFINITION('2026-04-23-16-30-54-288','tomodachi',#5502,#5500);
#5502=PRODUCT_DEFINITION_FORMATION('',$,#5507);
#5503=PRODUCT_RELATED_PRODUCT_CATEGORY('tomodachi','tomodachi',(#5507));
#5504=APPLICATION_PROTOCOL_DEFINITION('international standard',
'automotive_design',2009,#5505);
#5505=APPLICATION_CONTEXT(
'Core Data for Automotive Mechanical Design Process');
#5506=PRODUCT_CONTEXT('part definition',#5505,'mechanical');
#5507=PRODUCT('2026-04-23-16-30-54-288','tomodachi',$,(#5506));
#5508=PRESENTATION_STYLE_ASSIGNMENT((#5511));
#5509=PRESENTATION_STYLE_ASSIGNMENT((#5512));
#5510=PRESENTATION_STYLE_ASSIGNMENT((#5513));
#5511=SURFACE_STYLE_USAGE(.BOTH.,#5514);
#5512=SURFACE_STYLE_USAGE(.BOTH.,#5515);
#5513=SURFACE_STYLE_USAGE(.BOTH.,#5516);
#5514=SURFACE_SIDE_STYLE('',(#5517));
#5515=SURFACE_SIDE_STYLE('',(#5518));
#5516=SURFACE_SIDE_STYLE('',(#5519));
#5517=SURFACE_STYLE_FILL_AREA(#5520);
#5518=SURFACE_STYLE_FILL_AREA(#5521);
#5519=SURFACE_STYLE_FILL_AREA(#5522);
#5520=FILL_AREA_STYLE('Steel - Satin',(#5523));
#5521=FILL_AREA_STYLE('ABS (White)',(#5524));
#5522=FILL_AREA_STYLE('Steel - Satin (1)',(#5525));
#5523=FILL_AREA_STYLE_COLOUR('Steel - Satin',#5526);
#5524=FILL_AREA_STYLE_COLOUR('ABS (White)',#5527);
#5525=FILL_AREA_STYLE_COLOUR('Steel - Satin (1)',#5528);
#5526=COLOUR_RGB('Steel - Satin',0.627450980392157,0.627450980392157,0.627450980392157);
#5527=COLOUR_RGB('ABS (White)',0.964705882352941,0.964705882352941,0.952941176470588);
#5528=COLOUR_RGB('Steel - Satin (1)',0.254901960784314,0.254901960784314,
0.254901960784314);
ENDSEC;
END-ISO-10303-21;
